ÁöÁ¡¸í,ÀÏ½Ã,¼ö¿Â(¡É),pH,DO(§·/L)_x,Chl-a (§·/§©),À¯ÇØ³²Á¶·ù ¼¼Æ÷¼ö (cells/§¢),Æò±Õ±â¿Â(¡ÆC),ÃÖÀú±â¿Â(¡ÆC),ÃÖ°í±â¿Â(¡ÆC),ÀÏ°­¼ö·®(mm),Æò±Õ Ç³¼Ó(m/s),Æò±Õ ÀÌ½½Á¡¿Âµµ(¡ÆC),Æò±Õ »ó´ë½Àµµ(%),Æò±Õ Áõ±â¾Ð(hPa),Æò±Õ ÇöÁö±â¾Ð(hPa),Æò±Õ ÇØ¸é±â¾Ð(hPa),ÇÕ°è ÀÏÁ¶½Ã°£(hr),ÇÕ°è ÀÏ»ç·®(MJ/m2),¼öÀ§(EL.m),DO(§·/L)_y,BOD(§·/L),COD(§·/L),Å¬·Î·ÎÇÊ a(§·/§©),TN(§·/L),TP(§·/L),TOC(§·/L),¼ö¼ÒÀÌ¿Â³óµµ,Àü±âÀüµµµµ(¥ìS/§¯),¿ëÁ¸ÃÑÁú¼Ò(§·/L),¾Ï¸ð´Ï¾Æ¼º Áú¼Ò(§·/L),Áú»ê¼º Áú¼Ò(§·/L),¿ëÁ¸ÃÑÀÎ(§·/L),ÀÎ»ê¿°ÀÎ(§·/L),SS(§·/L),À¯·®(§©/s)
½ÂÃÌº¸,2017-01-02,6.2,7.4,11.1,26.4,0.0,7.2,2.7,13.3,0.0,1.0,4.0,81.6,8.2,1014.7,1023.6,4.8,7.89,7.49,11.1,3.3,6.5,26.4,5.9,0.142,5.8,7.4,420.0,5.647,1.744,2.76,0.081,0.057,5.0,15.287
½ÂÃÌº¸,2017-01-09,8.3,6.6,12.7,43.8,0.0,5.1,1.6,8.7,0.0,1.9,-1.2,65.6,5.7,1009.6,1018.6,5.6,8.29,7.52,12.7,3.1,6.7,43.8,6.049,0.096,5.1,6.6,417.0,6.013,1.669,3.4610000000000003,0.033,0.012,6.9,10.394
½ÂÃÌº¸,2017-01-16,5.3,6.8,14.6,45.9,0.0,-0.6,-4.9,5.3,0.0,1.4,-12.0,48.5,2.6,1020.0,1029.3,9.1,12.41,7.5,14.6,4.3,7.9,45.9,5.962999999999999,0.106,5.6,6.8,404.0,5.598,1.416,3.415,0.022,0.0,14.4,12.311
½ÂÃÌº¸,2017-01-24,5.1,7.7,14.7,56.5,0.0,-2.0,-5.9,2.7,0.0,1.5,-7.7,65.8,3.4,1025.4,1034.8,8.4,12.77,7.5,14.7,4.8,7.7,56.5,6.268,0.115,6.1,7.7,426.0,6.051,1.693,3.5460000000000003,0.025,0.005,9.6,11.58
½ÂÃÌº¸,2017-01-31,5.7,6.5,12.4,41.8,0.0,-1.4,-6.1,5.5,0.0,1.6,-10.7,51.9,2.7,1019.1,1028.4,9.0,14.23,7.5,12.4,4.3,7.0,41.8,8.056000000000001,0.109,5.9,6.5,495.0,7.71,2.937,4.099,0.04,0.019,8.9,11.85
½ÂÃÌº¸,2017-02-06,6.3,7.7,11.5,31.4,0.0,1.7,-0.9,4.8,0.0,1.9,-6.5,55.0,3.8,1013.9,1023.0,9.2,14.84,7.51,11.5,4.9,8.8,31.4,9.113,0.217,7.2,7.7,464.0,8.543,4.349,3.469,0.073,0.043,9.8,12.698
½ÂÃÌº¸,2017-02-13,6.1,7.6,14.6,99.0,0.0,2.7,-3.7,8.6,0.0,1.3,-2.2,72.5,5.3,1022.2,1031.3,9.0,14.58,7.45,14.6,5.9,9.2,99.0,8.256,0.113,8.4,7.6,485.0,8.079,3.867,3.088,0.024,0.024,14.2,13.329
½ÂÃÌº¸,2017-02-20,8.3,6.3,15.3,73.1,0.0,3.4,-2.4,12.8,8.5,2.8,-2.2,68.6,5.9,1008.9,1017.9,6.3,13.66,7.24,15.3,6.3,9.8,73.1,8.713,0.162,8.7,6.3,538.0,7.7120000000000015,4.496,2.9760000000000004,0.029,0.006999999999999999,18.8,25.102
½ÂÃÌº¸,2017-02-27,7.4,7.1,13.7,73.7,0.0,5.1,-0.7,12.8,0.0,1.0,-4.9,51.8,4.3,1017.9,1026.9,10.5,17.95,6.57,13.7,5.0,8.5,73.7,4.6080000000000005,0.122,6.7,7.1,404.0,4.256,1.336,2.332,0.046,0.004,16.0,16.855
½ÂÃÌº¸,2017-03-06,9.9,7.7,13.6,77.6,0.0,3.3,0.0,6.6,0.0,2.6,-9.6,41.6,3.2,1008.5,1017.5,10.8,20.95,7.29,13.6,6.4,11.9,77.6,7.454,0.146,8.1,7.7,374.0,6.678,3.404,2.617,0.029,0.023,15.8,0.631
½ÂÃÌº¸,2017-03-13,10.2,7.8,16.0,53.1,0.0,8.6,4.6,15.2,0.0,1.8,-1.9,51.1,5.4,1009.1,1017.9,7.7,17.61,7.32,16.0,6.0,11.4,53.1,7.831,0.092,8.3,7.8,438.0,7.65,3.84,2.639,0.041,0.004,11.0,15.758
½ÂÃÌº¸,2017-03-20,11.9,6.8,14.0,96.8,0.0,8.7,5.7,13.1,7.3,1.5,3.3,72.1,7.9,1010.1,1019.0,0.0,4.94,5.49,14.0,6.7,12.6,96.8,9.845,0.14300000000000002,9.0,6.8,463.0,9.404,5.182,2.757,0.044,0.003,17.9,3.015
½ÂÃÌº¸,2017-03-27,12.4,7.7,15.6,177.9,0.0,7.5,4.4,12.2,3.2,1.4,2.5,74.3,7.4,1012.9,1021.8,7.4,17.08,7.18,15.6,7.9,13.7,177.9,7.939,0.103,9.7,7.7,437.0,7.8610000000000015,4.229,2.497,0.041,0.04,19.4,0.252
½ÂÃÌº¸,2017-04-03,13.5,7.5,15.4,60.3,0.0,11.8,3.6,21.3,0.0,1.2,-1.8,46.6,5.6,1015.4,1024.2,11.4,24.49,7.5,15.4,7.6,12.6,60.3,8.061,0.115,9.7,7.5,427.0,6.718,4.254,2.4330000000000003,0.045,0.003,12.8,8.597000000000001
½ÂÃÌº¸,2017-04-10,17.0,6.5,9.1,29.0,0.0,16.6,11.2,23.7,0.2,3.1,3.7,44.5,8.1,1001.4,1009.8,5.8,20.37,7.51,9.1,6.8,11.0,29.0,4.4460000000000015,0.184,8.3,6.5,324.0,3.732,1.903,1.4280000000000002,0.105,0.07,9.9,17.676
½ÂÃÌº¸,2017-04-17,18.0,6.4,9.9,27.3,0.0,16.0,12.0,19.0,10.7,1.5,14.2,90.4,16.4,992.8,1001.2,0.7,2.97,7.44,9.9,6.9,11.4,27.3,5.4060000000000015,0.134,8.1,6.4,370.0,5.114,2.65,1.732,0.077,0.042,8.6,16.514
½ÂÃÌº¸,2017-04-24,17.7,6.8,7.5,20.3,0.0,16.7,8.7,24.3,0.0,2.2,5.1,51.4,8.9,1010.8,1019.3,11.9,28.18,7.48,7.5,7.7,11.7,20.3,6.695,0.203,8.6,6.8,354.0,6.31,3.385,1.868,0.107,0.059000000000000004,8.4,10.862
½ÂÃÌº¸,2017-05-08,20.7,7.1,7.3,35.1,775.0,18.2,12.3,23.1,0.0,1.0,10.7,65.6,13.0,1006.6,1015.1,2.4,13.8,7.48,7.3,7.4,12.1,35.1,7.545,0.113,8.2,7.1,452.0,7.246,3.431,2.625,0.048,0.008,7.4,8.987
½ÂÃÌº¸,2017-05-15,20.5,7.1,7.2,27.6,0.0,16.7,11.0,23.3,0.0,1.5,7.2,58.6,10.3,1005.9,1014.4,12.8,28.15,7.48,7.2,7.1,11.8,27.6,7.207999999999998,0.224,8.3,7.1,439.0,7.034,4.001,1.769,0.159,0.12300000000000001,7.3,8.628
½ÂÃÌº¸,2017-05-22,22.1,7.5,9.0,38.4,0.0,22.9,15.4,30.1,0.0,1.4,12.7,55.3,14.7,1005.6,1013.9,11.5,27.25,7.47,9.0,4.1,13.1,38.4,8.187000000000001,0.1,9.2,7.5,448.0,7.84,3.802,2.616,0.039,0.013999999999999999,14.9,10.098
½ÂÃÌº¸,2017-05-29,22.9,7.1,10.8,39.5,0.0,24.3,16.7,33.0,0.0,1.1,12.7,51.1,14.7,1005.0,1013.3,12.5,28.0,7.52,10.8,4.9,13.2,39.5,6.8210000000000015,0.095,10.1,7.1,440.0,6.664,3.19,2.057,0.031,0.008,14.3,11.01
½ÂÃÌº¸,2017-06-05,23.4,7.1,9.1,44.3,525.0,23.1,16.3,30.8,0.0,1.9,8.0,40.5,10.9,1006.6,1014.9,8.9,26.17,7.58,9.1,6.3,13.7,44.3,3.736,0.119,10.1,7.1,344.0,3.549,1.14,1.289,0.041,0.017,12.9,14.114
½ÂÃÌº¸,2017-06-12,23.3,6.9,7.9,94.6,375.0,21.6,17.7,27.1,0.0,2.0,11.6,55.6,13.8,1005.6,1013.9,8.3,24.23,7.54,7.9,7.9,12.6,94.6,4.005,0.103,9.5,6.9,334.0,3.697,1.257,1.822,0.031,0.003,12.6,9.578
½ÂÃÌº¸,2017-06-19,24.4,7.5,10.6,38.4,4140.0,25.9,19.0,34.1,0.0,1.0,15.0,54.5,17.1,1001.2,1009.4,8.1,17.41,7.55,10.6,7.6,15.3,38.4,5.284,0.101,10.1,7.5,389.0,4.975,1.401,2.537,0.041,0.003,13.1,5.551
½ÂÃÌº¸,2017-06-26,25.4,6.7,4.4,43.9,12080.0,23.5,21.5,28.7,13.6,1.2,21.2,88.3,25.2,998.4,1006.7,1.1,10.94,7.64,4.4,5.8,14.6,43.9,5.176,0.099,11.3,6.7,338.0,4.993,2.312,1.679,0.042,0.0,16.0,63.749
½ÂÃÌº¸,2017-07-03,26.2,6.7,3.2,27.0,160.0,26.8,24.5,29.9,6.4,4.1,25.6,93.8,32.8,999.9,1008.0,4.6,17.37,7.54,3.2,4.5,11.8,27.0,5.885,0.26,9.4,6.7,380.0,5.727,3.637,1.306,0.209,0.182,8.4,18.728
½ÂÃÌº¸,2017-07-10,27.2,6.7,4.0,31.4,0.0,27.3,25.0,29.3,5.1,3.2,26.3,94.6,34.2,995.2,1003.3,0.1,6.7,7.52,4.0,4.8,9.5,31.4,2.986,0.18,7.9,6.7,270.0,2.719,0.986,1.158,0.108,0.087,10.6,27.249
½ÂÃÌº¸,2017-07-17,26.0,5.7,6.0,2.4,0.0,26.8,23.6,30.7,10.8,1.7,25.6,93.8,32.8,1004.9,1013.1,0.8,10.99,7.62,6.0,2.8,7.9,2.4,2.476,0.142,6.2,5.7,146.0,2.461,0.393,1.768,0.093,0.071,16.6,38.151
½ÂÃÌº¸,2017-07-24,29.2,6.4,5.3,21.1,600.0,30.0,27.3,34.4,0.0,1.8,27.3,86.6,36.2,995.4,1003.5,2.0,15.43,7.55,5.3,3.4,7.2,21.1,4.039,0.123,5.9,6.4,300.0,3.889,1.826,1.669,0.08199999999999999,0.064,5.6,13.108
½ÂÃÌº¸,2017-08-07,29.9,7.1,2.2,22.4,7060.0,30.1,26.1,35.0,0.0,1.2,25.1,76.9,31.9,992.0,1000.0,10.3,24.59,7.56,2.2,4.0,9.2,22.4,3.798,0.15,6.9,7.1,252.0,3.741,1.987,1.207,0.091,0.073,10.1,11.975
½ÂÃÌº¸,2017-08-14,27.9,6.5,2.5,11.2,3720.0,24.1,21.9,27.2,34.9,1.1,23.8,98.5,29.5,996.1,1004.3,0.0,7.08,7.67,2.5,3.6,8.7,11.2,5.377999999999999,0.142,6.6,6.5,347.0,5.374,3.847,1.053,0.113,0.10400000000000001,8.3,99.312
½ÂÃÌº¸,2017-08-21,26.5,6.4,2.2,9.6,0.0,25.4,23.8,29.7,89.1,1.5,25.0,98.0,31.7,1000.2,1008.4,1.1,9.32,7.57,2.2,4.7,9.6,9.6,4.71,0.277,7.9,6.4,250.0,4.617,2.908,0.976,0.17800000000000002,0.149,28.9,219.415
½ÂÃÌº¸,2017-08-28,25.7,6.4,6.1,12.3,0.0,26.1,21.0,29.8,0.0,1.8,24.0,89.1,30.1,1003.6,1011.8,2.9,11.81,7.64,6.1,3.0,7.6,12.3,3.089,0.153,5.7,6.4,197.0,2.894,0.7070000000000001,1.787,0.102,0.08900000000000001,7.3,48.494
½ÂÃÌº¸,2017-09-04,25.0,6.8,9.6,49.4,0.0,23.4,20.8,27.6,0.0,1.4,17.9,72.3,20.5,1006.4,1014.7,4.5,15.4,7.59,9.6,4.7,8.9,49.4,3.771,0.142,6.3,6.8,295.0,3.199,1.2990000000000002,1.793,0.055,0.027999999999999997,7.5,30.837
½ÂÃÌº¸,2017-09-12,22.2,6.7,6.1,5.0,0.0,22.9,18.4,28.9,0.0,1.1,18.7,78.9,21.6,1006.0,1014.3,20.27,20.27,7.51,6.1,2.8,7.3,5.0,2.076,0.173,5.5,6.7,166.0,1.979,0.149,1.164,0.111,0.106,20.3,125.389
½ÂÃÌº¸,2017-09-18,23.4,7.0,8.4,70.0,8120.0,22.5,17.9,28.6,0.0,1.4,18.3,79.6,21.1,1001.3,1009.6,9.1,20.98,7.58,8.4,3.7,7.9,70.0,3.343,0.068,6.2,7.0,278.0,3.0860000000000003,1.102,1.493,0.025,0.013000000000000001,9.1,19.158
½ÂÃÌº¸,2017-09-25,24.0,7.5,9.5,31.0,4060.0,24.4,18.7,31.1,0.0,1.5,19.3,76.0,22.4,1005.7,1014.0,8.9,19.15,7.56,9.5,3.4,7.3,31.0,3.4610000000000003,0.035,5.5,7.5,350.0,3.431,0.8809999999999999,1.894,0.019,0.01,5.1,14.997
½ÂÃÌº¸,2017-10-10,21.4,6.8,5.4,61.9,0.0,23.2,18.5,28.4,0.0,0.8,20.9,88.0,24.7,1010.8,1019.1,7.6,15.1,7.61,5.4,5.0,7.9,61.9,4.132,0.12,6.1,6.8,283.0,4.091,1.82,1.54,0.067,0.048,8.4,27.01
½ÂÃÌº¸,2017-10-16,19.1,6.9,7.7,37.5,4300.0,16.9,14.8,20.6,0.0,2.1,12.4,75.6,14.5,1016.2,1024.8,1.5,7.18,7.59,7.7,4.7,7.5,37.5,5.542000000000002,0.125,6.1,6.9,396.0,4.753,2.157,2.13,0.07,0.05,10.2,18.64
½ÂÃÌº¸,2017-10-23,18.3,7.5,8.8,52.5,0.0,15.3,10.8,20.9,0.0,1.4,6.6,58.1,9.8,1008.5,1017.0,9.0,15.8,7.57,8.8,4.8,8.5,52.5,5.3020000000000005,0.06,6.3,7.5,414.0,5.189,1.902,2.347,0.031,0.02,9.4,12.92
½ÂÃÌº¸,2017-10-30,16.9,7.0,11.8,43.6,0.0,9.7,5.7,14.5,0.0,1.9,-1.2,47.9,5.6,1017.0,1025.9,10.1,17.35,7.56,11.8,5.2,9.1,43.6,5.688,0.06,8.0,7.0,459.0,5.626,1.823,2.955,0.026,0.006999999999999999,12.4,11.127
½ÂÃÌº¸,2017-11-06,14.4,6.8,11.8,26.9,0.0,10.7,3.2,19.2,0.0,1.0,5.9,75.1,9.4,1016.6,1025.4,9.4,15.19,7.57,11.8,4.5,7.9,26.9,5.351,0.058,5.9,6.8,474.0,5.3210000000000015,2.106,2.918,0.032,0.008,8.3,11.649
½ÂÃÌº¸,2017-11-13,13.9,8.0,9.9,24.2,0.0,10.1,4.0,15.2,0.0,0.6,3.5,66.1,7.9,1009.9,1018.7,2.8,9.31,7.21,9.9,4.6,8.4,24.2,6.183,0.07400000000000001,6.6,8.0,441.0,6.042000000000002,2.249,3.2230000000000003,0.033,0.004,12.2,21.488000000000003
½ÂÃÌº¸,2017-11-20,9.9,8.3,13.3,75.7,0.0,6.0,1.9,10.8,0.0,1.0,-2.7,54.6,5.0,1017.9,1026.9,8.3,12.57,5.47,13.3,5.8,11.6,75.7,6.484,0.099,8.7,8.3,476.0,6.02,2.0380000000000003,2.888,0.032,0.01,19.6,14.156
½ÂÃÌº¸,2017-11-27,10.2,7.2,14.1,65.4,0.0,6.0,0.3,12.5,0.0,1.0,0.4,68.6,6.3,1017.1,1026.1,8.8,11.37,5.5,14.1,6.1,11.4,65.4,7.341,0.116,8.4,7.2,527.0,7.341,2.523,3.693,0.039,0.01,14.7,15.429
½ÂÃÌº¸,2017-12-04,9.4,7.6,11.6,42.9,0.0,3.2,-1.5,6.7,0.3,1.8,-0.8,76.1,5.9,1014.0,1023.1,2.4,6.47,5.11,11.6,5.6,9.0,42.9,7.74,0.13,7.8,7.6,614.0,7.311,3.694,2.9810000000000003,0.033,0.005,23.3,21.285
½ÂÃÌº¸,2017-12-11,8.0,8.2,11.8,30.1,0.0,0.0,-2.2,4.2,0.0,2.0,-5.6,66.8,4.1,1014.8,1024.0,3.3,7.32,4.87,11.8,5.1,8.3,30.1,7.513,0.095,7.1,8.2,603.0,7.26,3.551,3.147,0.03,0.005,14.3,35.4
½ÂÃÌº¸,2017-12-18,5.8,8.4,13.1,19.1,0.0,1.6,-4.5,7.4,0.0,1.2,-2.4,75.5,5.3,1020.2,1029.4,4.8,8.72,4.68,13.1,4.6,8.3,19.1,8.02,0.103,6.9,8.4,576.0,7.599,4.175,2.756,0.025,0.009000000000000001,10.1,27.67
½ÂÃÌº¸,2017-12-26,6.4,7.0,12.4,70.8,0.0,1.1,-1.2,6.4,0.2,1.7,-4.4,68.4,4.6,1017.3,1026.5,6.4,7.85,4.53,12.4,6.2,11.1,70.8,5.365,0.141,8.7,7.0,443.0,5.059,2.608,2.029,0.024,0.006999999999999999,21.5,15.957
½ÂÃÌº¸,2018-01-02,6.9,7.2,13.8,24.9,0.0,2.2,-2.9,8.4,0.0,0.9,-3.4,67.0,4.8,1020.0,1029.2,4.9,8.54,6.03,13.8,5.8,10.7,24.9,8.828,0.099,7.2,7.2,541.0,8.462,5.464,2.281,0.036000000000000004,0.008,10.6,6.988
½ÂÃÌº¸,2018-01-08,6.3,7.0,13.0,42.1,0.0,3.6,2.2,5.4,2.1,1.2,2.3,91.9,7.3,1003.3,1012.3,0.0,3.53,5.99,13.0,5.9,10.8,42.1,9.144,0.075,7.5,7.0,534.0,8.865,5.513,2.465,0.029,0.017,8.5,6.63
½ÂÃÌº¸,2018-01-15,5.3,7.0,13.3,80.8,0.0,5.3,1.3,11.4,0.0,0.8,2.7,84.8,7.4,1015.7,1024.7,8.5,11.95,6.02,13.3,6.9,12.0,80.8,9.233,0.166,9.6,7.0,730.0,8.478,5.473,2.529,0.046,0.011000000000000001,14.0,12.4
½ÂÃÌº¸,2018-01-22,7.0,7.5,13.2,67.2,0.0,5.3,1.4,10.6,1.1,2.1,-2.1,60.1,5.3,1007.8,1016.7,3.7,8.93,5.99,13.2,7.0,12.5,67.2,8.062999999999999,0.159,9.8,7.5,499.0,7.576,5.009,2.138,0.034,0.015,17.6,3.25
½ÂÃÌº¸,2018-01-29,3.6,7.5,14.4,67.3,0.0,-3.9,-6.5,0.3,0.0,2.1,-11.1,58.5,2.6,1014.9,1024.2,8.1,13.17,5.98,14.4,6.4,12.1,67.3,9.149,0.126,8.7,7.5,501.0,7.957000000000002,5.303,2.185,0.036000000000000004,0.013000000000000001,14.1,7.18
½ÂÃÌº¸,2018-02-05,4.5,7.5,13.3,51.1,0.0,-5.6,-8.5,-1.7,0.2,1.8,-11.1,66.3,2.7,1017.9,1027.3,7.6,12.73,6.02,13.3,4.2,8.8,51.1,10.59,0.123,7.5,7.5,516.0,10.379,8.19,1.889,0.035,0.0,8.2,11.8
½ÂÃÌº¸,2018-02-13,6.1,7.6,13.6,64.5,0.0,1.3,-2.9,6.6,0.0,1.9,-6.4,59.6,3.8,1015.4,1024.6,9.9,17.94,6.04,13.6,6.2,11.6,64.5,11.062,0.155,8.4,7.6,544.0,11.018,8.269,1.709,0.056,0.021,14.8,10.49
½ÂÃÌº¸,2018-02-19,6.9,7.5,13.1,100.2,0.0,6.1,2.0,11.5,0.0,1.6,-7.8,36.4,3.4,1013.7,1022.7,2.6,10.62,6.03,13.1,7.9,14.0,100.2,10.64,0.255,10.7,7.5,571.0,10.489,8.241,1.4380000000000002,0.058,0.037000000000000005,21.4,7.92
½ÂÃÌº¸,2018-02-26,8.5,7.5,13.1,64.3,0.0,6.3,-1.8,15.7,0.0,1.0,-9.9,33.0,2.9,1015.8,1024.8,10.6,19.25,6.02,13.1,6.1,12.8,64.3,13.96,0.17600000000000002,9.0,7.5,561.0,12.999,10.925999999999998,1.872,0.066,0.034,12.1,10.49
½ÂÃÌº¸,2018-03-05,10.1,7.2,5.6,72.6,0.0,10.7,7.2,16.3,6.9,2.0,9.0,90.0,11.8,1005.0,1013.7,0.6,5.62,6.22,5.6,6.5,12.3,72.6,8.43,0.194,9.3,7.2,491.0,7.685,6.419,1.205,0.038,0.016,16.0,21.0
½ÂÃÌº¸,2018-03-12,10.6,7.6,11.1,67.8,0.0,10.1,2.8,19.3,0.0,1.6,1.2,62.1,6.8,1014.3,1023.1,10.5,20.43,6.05,11.1,6.2,11.6,67.8,6.4510000000000005,0.194,8.8,7.6,445.0,6.1,3.956,1.571,0.086,0.021,18.1,17.677
½ÂÃÌº¸,2018-03-19,12.3,7.2,6.8,6.8,0.0,11.8,8.6,14.6,15.6,3.0,11.2,96.5,13.5,1003.5,1012.2,0.0,3.61,6.07,6.8,6.1,11.6,6.8,5.312,0.289,9.0,7.2,228.0,4.779,2.414,1.598,0.117,0.071,44.9,91.543
½ÂÃÌº¸,2018-03-26,13.8,7.3,7.7,20.4,0.0,12.9,7.0,21.6,0.0,1.1,7.6,74.0,10.4,1013.8,1022.5,8.6,21.15,4.32,7.7,5.3,8.7,20.4,7.931,0.118,7.5,7.3,380.0,7.632999999999999,5.05,1.744,0.055,0.027000000000000003,22.0,22.848000000000006
½ÂÃÌº¸,2018-04-02,17.6,7.5,6.7,54.4,0.0,18.9,12.7,26.5,0.0,1.8,12.4,69.1,14.5,1007.9,1016.4,10.5,21.97,3.49,6.7,6.3,11.6,54.5,8.101,0.229,8.7,7.5,434.0,7.875,5.962999999999999,1.121,0.044,0.013000000000000001,41.1,16.083
½ÂÃÌº¸,2018-04-09,13.8,7.3,8.6,24.0,0.0,14.1,8.0,21.6,0.0,1.4,3.1,54.8,7.9,1009.0,1017.7,11.1,24.98,2.85,8.6,5.9,12.3,24.0,6.837999999999999,0.247,9.1,7.3,346.0,6.424,4.959,1.331,0.087,0.062,86.2,66.143
½ÂÃÌº¸,2018-04-16,14.8,7.2,9.0,54.2,575.0,11.6,4.7,18.7,0.0,1.2,3.5,61.5,7.9,1011.3,1020.1,8.0,23.01,2.89,9.0,6.5,11.6,54.2,6.477,0.225,8.7,7.2,351.0,6.278,2.634,1.462,0.067,0.064,32.3,59.729
½ÂÃÌº¸,2018-04-30,20.0,7.4,8.4,32.9,0.0,19.5,16.1,26.0,0.0,1.9,15.0,76.1,17.1,1006.3,1014.7,5.6,17.04,2.9,8.4,4.2,8.0,32.9,5.979,0.11,6.4,7.4,326.0,5.853,1.771,2.754,0.046,0.034,31.2,31.793000000000006
½ÂÃÌº¸,2018-05-08,18.9,7.6,8.1,76.3,0.0,18.1,14.8,23.9,0.0,1.7,13.5,77.5,15.6,1003.8,1012.3,4.9,20.24,2.94,8.1,8.1,14.0,76.3,3.573,0.239,9.4,7.6,249.0,3.273,1.406,0.198,0.098,0.043,74.5,45.815
½ÂÃÌº¸,2018-05-14,21.3,7.5,7.8,50.5,0.0,20.9,13.3,28.5,0.0,1.3,14.1,69.0,16.2,1003.4,1011.8,11.6,27.37,2.93,7.8,5.7,9.4,50.5,3.775,0.234,8.1,7.5,277.0,3.536,1.732,1.25,0.112,0.079,22.7,48.169
½ÂÃÌº¸,2018-05-21,21.0,7.5,9.3,35.5,0.0,18.6,11.0,24.5,0.0,1.6,12.7,69.9,14.9,1008.6,1017.1,6.6,19.78,2.88,9.3,4.3,8.6,35.5,5.112,0.14800000000000002,7.0,7.5,348.0,4.981,2.32,1.895,0.049,0.026000000000000002,26.4,28.92
½ÂÃÌº¸,2018-05-28,24.6,7.5,8.1,28.6,0.0,21.7,18.3,27.3,0.0,1.8,17.2,77.5,19.8,1002.0,1010.3,5.3,19.54,2.9,8.1,6.7,10.8,28.6,6.2410000000000005,0.11,7.9,7.5,349.0,5.997000000000001,3.62,1.477,0.058,0.042,22.6,29.876
½ÂÃÌº¸,2018-06-04,25.1,7.5,7.6,43.2,0.0,22.9,18.2,30.0,0.0,1.2,14.4,60.5,16.4,1005.0,1013.3,6.0,22.01,2.95,7.6,7.3,11.5,43.2,5.863,0.108,8.3,7.5,361.0,5.773,2.839,1.724,0.041,0.025,25.3,35.122
½ÂÃÌº¸,2018-06-11,24.8,7.4,6.1,21.3,0.0,20.6,18.2,23.7,7.1,1.0,18.6,89.6,21.5,992.2,1000.5,0.7,9.68,3.0,6.1,5.0,10.6,21.3,6.001,0.11,7.8,7.4,368.0,5.756,3.52,1.284,0.058,0.026000000000000002,20.3,37.798
½ÂÃÌº¸,2018-06-18,26.5,7.8,9.4,99.6,123.0,24.9,20.1,32.4,0.0,1.4,18.7,70.9,21.6,998.9,1007.1,8.4,26.03,2.93,9.4,7.8,12.0,99.6,5.649,0.142,10.2,7.8,382.0,5.252999999999999,3.005,1.3769999999999998,0.043,0.033,28.7,32.553000000000004
½ÂÃÌº¸,2018-06-25,27.4,7.8,7.8,35.8,0.0,27.0,20.5,34.5,0.0,1.7,17.3,58.6,19.8,1002.3,1010.4,9.8,24.5,2.96,7.8,6.1,12.3,35.8,6.3210000000000015,0.151,9.1,7.8,415.0,6.268,3.95,1.24,0.07400000000000001,0.021,23.1,29.788
½ÂÃÌº¸,2018-07-02,23.7,7.5,5.8,5.2,175.0,25.7,21.5,29.3,17.2,2.1,24.3,92.4,30.4,998.6,1006.8,2.5,13.68,4.0,5.8,6.0,14.8,5.2,3.14,0.377,9.9,7.5,132.0,2.73,0.586,1.808,0.17800000000000002,0.16899999999999998,150.2,272.642
½ÂÃÌº¸,2018-07-09,24.9,7.5,4.6,13.3,0.0,23.6,21.8,26.4,0.0,1.5,22.0,91.1,26.6,1006.1,1014.3,0.3,6.84,2.98,4.6,5.0,8.8,13.3,6.417999999999998,0.229,7.1,7.5,306.0,6.142,3.707,1.972,0.195,0.191,15.7,40.088
½ÂÃÌº¸,2018-07-16,31.2,7.9,9.0,27.4,203.0,29.1,24.5,35.0,0.0,1.3,24.7,79.1,31.1,1004.3,1012.5,10.4,27.17,2.7,9.0,6.1,9.9,27.4,5.317,0.115,7.6,7.9,362.0,5.202000000000001,3.237,1.4469999999999998,0.063,0.06,9.0,11.473
½ÂÃÌº¸,2018-07-23,31.2,8.4,13.2,156.1,467.0,29.7,26.0,36.3,0.0,1.8,24.6,75.3,30.9,1000.8,1008.9,7.2,21.79,2.64,13.2,8.9,13.3,156.1,6.737,0.14800000000000002,9.3,8.4,441.0,6.346,3.942,2.346,0.059,0.022000000000000002,16.5,8.048
½ÂÃÌº¸,2018-07-30,32.4,8.7,13.3,150.6,417.0,30.3,27.6,36.0,0.0,1.7,23.3,67.4,28.6,994.8,1002.9,4.7,18.1,2.67,13.3,8.8,15.9,150.6,6.113,0.202,10.9,8.7,375.0,5.85,2.794,1.452,0.061,0.039,26.6,9.71
½ÂÃÌº¸,2018-08-06,32.5,8.6,12.5,174.7,465.0,30.8,26.1,37.7,0.0,1.5,24.8,72.9,31.4,998.4,1006.5,11.7,25.13,2.63,12.5,9.0,15.8,174.7,7.394,0.224,10.2,8.6,448.0,6.81,3.814,1.858,0.054000000000000006,0.026000000000000002,20.9,7.252999999999999
½ÂÃÌº¸,2018-08-13,31.5,7.9,9.5,54.6,342.0,30.7,27.3,35.7,0.0,2.0,24.5,70.6,30.7,1002.0,1010.1,11.2,25.57,2.7,9.5,7.4,12.8,54.6,4.901,0.345,9.9,7.9,351.0,4.89,4.074,0.568,0.259,0.22399999999999998,11.7,12.018
½ÂÃÌº¸,2018-08-20,29.8,8.4,10.2,85.3,805.0,27.2,24.3,33.4,0.0,2.5,21.0,69.8,25.0,998.7,1006.8,7.2,20.16,2.63,10.2,7.1,13.5,85.3,5.997999999999998,0.124,8.8,8.4,455.0,5.74,2.894,1.662,0.063,0.026000000000000002,12.2,7.245
½ÂÃÌº¸,2018-08-28,24.3,6.9,6.7,5.6,0.0,27.2,24.4,32.2,0.1,2.2,24.3,86.0,30.5,1004.3,1012.5,7.4,19.18,3.77,6.7,3.3,9.6,5.6,1.878,0.215,6.6,6.9,116.0,1.864,0.371,1.388,0.125,0.08199999999999999,48.1,217.329
½ÂÃÌº¸,2018-09-03,25.8,7.1,5.1,2.6,0.0,25.6,22.1,29.7,12.7,2.2,24.2,92.5,30.2,994.0,1002.1,2.3,12.68,2.86,5.1,3.0,6.0,2.6,3.338,0.24,5.5,7.1,228.0,3.063,1.545,1.277,0.155,0.136,10.3,28.952
½ÂÃÌº¸,2018-09-10,24.8,7.1,5.2,15.7,0.0,21.8,16.5,27.7,0.0,1.5,14.7,66.6,16.8,1011.1,1019.5,10.1,24.15,2.76,5.2,3.6,7.7,15.7,5.606,0.194,6.0,7.1,307.0,5.316,3.313,1.449,0.171,0.138,6.8,14.625
½ÂÃÌº¸,2018-09-17,25.1,7.4,7.2,54.3,146.0,22.8,19.9,28.3,0.0,1.1,18.3,77.0,21.1,1008.9,1017.3,7.5,18.48,2.74,7.2,6.0,9.9,54.3,4.811,0.214,7.7,7.4,317.0,4.574,3.057,0.958,0.142,0.136,13.6,15.826
½ÂÃÌº¸,2018-09-27,22.3,7.6,10.0,41.4,304.0,19.1,13.6,25.3,0.0,1.6,11.1,61.5,13.2,1009.0,1017.4,10.5,21.57,2.69,10.0,6.4,11.3,41.4,5.747999999999998,0.11,7.4,7.6,324.0,5.1389999999999985,2.15,1.91,0.037000000000000005,0.022000000000000002,10.4,11.305
½ÂÃÌº¸,2018-10-01,21.2,7.2,10.2,72.8,286.0,17.7,14.4,22.0,1.0,1.8,10.8,66.6,13.1,1002.2,1010.7,6.9,17.06,2.68,10.2,7.0,9.8,72.8,4.237,0.092,8.5,7.2,356.0,4.223,2.362,1.816,0.077,0.026000000000000002,9.7,10.083
½ÂÃÌº¸,2018-10-08,19.7,7.1,6.3,6.2,66.0,16.4,12.0,20.8,0.0,2.3,7.5,57.1,10.4,1010.5,1019.1,7.9,16.42,2.88,6.3,4.2,8.8,6.2,3.402,0.32299999999999995,7.5,7.1,194.0,3.382,1.72,1.4340000000000002,0.265,0.255,14.9,27.903
½ÂÃÌº¸,2018-10-15,18.1,7.4,8.8,27.3,23.0,15.9,9.8,21.5,0.0,1.4,10.1,70.6,12.4,1011.7,1020.3,9.6,17.11,2.69,8.8,3.8,7.1,27.3,5.3420000000000005,0.096,6.0,7.4,331.0,5.296,2.109,2.619,0.037000000000000005,0.034,8.4,12.326
½ÂÃÌº¸,2018-10-22,17.1,7.5,9.5,26.3,0.0,14.7,9.3,21.1,0.0,0.6,9.3,72.0,11.8,1011.9,1020.6,5.5,12.36,2.67,9.5,4.1,7.1,26.3,5.273,0.138,6.9,7.5,382.0,5.143,2.268,2.6210000000000004,0.032,0.015,7.8,5.575
½ÂÃÌº¸,2018-10-29,16.0,7.4,8.5,36.2,0.0,12.2,8.7,18.4,0.1,1.0,8.6,80.3,11.2,1006.6,1015.2,6.9,10.76,2.68,8.5,5.2,6.8,36.2,6.457999999999998,0.141,8.3,7.4,418.0,6.143,3.527,2.11,0.045,0.018000000000000002,6.8,8.431000000000001
½ÂÃÌº¸,2018-11-05,14.6,7.8,9.7,31.8,0.0,12.7,5.8,21.0,0.0,0.6,5.5,66.0,9.1,1014.2,1023.0,9.6,15.16,2.66,9.7,4.2,7.6,31.8,5.767,0.155,7.6,7.8,431.0,4.581,2.155,1.9,0.027000000000000003,0.019,5.4,6.875
½ÂÃÌº¸,2018-11-12,15.1,7.5,6.0,36.9,0.0,10.3,6.8,14.5,0.8,1.8,4.8,71.1,8.7,1010.4,1019.2,8.5,14.22,2.72,6.0,5.9,10.9,36.9,5.008,0.394,9.5,7.5,380.0,4.613,2.689,1.495,0.182,0.17300000000000001,13.4,11.748
½ÂÃÌº¸,2018-11-19,12.8,7.9,11.6,73.2,0.0,8.7,4.2,14.4,0.0,0.8,2.0,64.3,7.1,1014.1,1023.0,7.4,11.44,5.99,11.6,5.1,10.0,73.2,5.872999999999998,0.154,8.4,7.9,423.0,5.3210000000000015,2.4290000000000003,2.651,0.075,0.046,11.3,7.934
½ÂÃÌº¸,2018-11-26,11.1,7.8,11.5,85.5,0.0,8.7,2.7,16.2,0.0,0.3,3.8,75.4,8.1,1015.7,1024.6,9.0,12.56,5.97,11.5,5.3,10.2,85.5,6.104,0.134,8.9,7.8,424.0,5.9860000000000015,2.68,2.624,0.042,0.027000000000000003,12.1,7.336
½ÂÃÌº¸,2018-12-03,12.0,8.0,12.1,77.5,0.0,14.8,12.3,17.4,10.0,0.6,14.5,98.9,16.6,1008.7,1017.3,0.0,2.71,6.05,12.1,4.1,8.7,77.5,6.814,0.115,8.2,8.0,475.0,6.785,2.495,3.526,0.038,0.026000000000000002,10.9,17.461
½ÂÃÌº¸,2018-12-10,6.0,7.9,11.2,74.0,0.0,0.6,-4.9,7.4,0.0,2.1,-17.3,27.0,1.7,1023.5,1032.8,8.9,12.36,5.99,11.2,4.2,8.7,74.0,6.0779999999999985,0.231,8.7,7.9,442.0,5.716,2.681,2.564,0.095,0.067,9.3,11.589
½ÂÃÌº¸,2018-12-17,6.7,7.9,12.3,45.8,0.0,4.4,-0.1,9.2,0.0,0.8,-0.9,71.5,5.8,1011.0,1020.0,4.6,8.09,6.0,12.3,3.8,8.1,45.8,7.134,0.113,7.8,7.9,479.0,6.5470000000000015,2.61,3.482,0.035,0.022000000000000002,8.2,14.4
½ÂÃÌº¸,2018-12-24,8.9,7.8,11.1,ºÐ¼®Áß,0.0,1.8,-1.1,6.6,0.0,1.9,-5.6,58.9,4.1,1018.5,1027.7,9.0,11.93,5.99,11.1,3.7,7.9,51.3,6.647,0.099,7.6,7.8,468.0,6.532,2.436,3.375,0.041,0.035,9.6,7.536
½ÂÃÌº¸,2019-01-07,6.0,8.2,12.5,31.4,0.0,1.2,-3.2,6.3,0.0,1.5,-5.1,64.1,4.2,1019.4,1028.5,8.3,11.39,5.94,12.5,5.4,8.5,31.4,9.091,0.165,8.5,8.2,473.0,8.211,3.55,3.964,0.071,0.027999999999999997,7.3,6.029
½ÂÃÌº¸,2019-01-14,7.6,7.5,12.1,44.7,0.0,2.3,-2.2,9.3,0.0,0.9,-2.6,71.8,5.0,1016.6,1025.7,7.2,11.56,5.93,12.1,3.5,7.4,44.7,9.184,0.171,8.0,7.5,475.0,8.615,3.591,3.686,0.093,0.037000000000000005,10.1,6.814
½ÂÃÌº¸,2019-01-21,6.8,7.6,12.1,32.4,0.0,2.1,-2.1,8.0,0.0,1.3,-5.1,59.5,4.2,1014.8,1023.9,6.9,12.47,5.97,12.1,4.2,8.5,32.4,9.308,0.136,6.7,7.6,489.0,9.295,4.2639999999999985,3.486,0.051,0.025,10.0,6.606
½ÂÃÌº¸,2019-01-28,6.5,7.8,13.3,59.6,0.0,3.4,-0.1,8.5,0.0,1.6,-5.2,56.6,4.3,1014.9,1023.9,7.5,11.74,6.0,13.3,5.5,11.4,59.6,9.21,0.145,8.9,7.8,503.0,9.204,4.482,3.545,0.049,0.006999999999999999,13.0,6.2810000000000015
½ÂÃÌº¸,2019-02-07,8.1,7.4,8.9,99.0,0.0,2.5,-3.6,6.6,0.0,1.9,-5.3,59.1,4.6,1012.4,1021.4,4.9,10.54,6.0,8.9,6.6,14.2,99.0,5.577000000000001,0.246,11.3,7.4,394.0,5.529,2.636,2.457,0.058,0.033,20.8,7.706
½ÂÃÌº¸,2019-02-11,5.9,8.1,13.5,121.4,34.0,-0.1,-2.1,3.9,0.0,2.2,-9.0,51.4,3.1,1022.8,1032.1,9.0,15.28,5.97,13.5,6.6,13.6,121.4,9.075,0.151,9.2,8.1,454.0,7.992000000000001,4.231,3.007,0.043,0.019,17.7,6.805
½ÂÃÌº¸,2019-02-18,7.0,7.7,15.6,92.2,0.0,2.6,-1.6,6.3,0.6,1.1,-7.5,50.6,3.6,1015.9,1025.0,0.0,6.07,5.99,15.6,5.9,13.5,92.2,8.1,0.19,10.9,7.7,469.0,8.085,4.253,3.4330000000000003,0.039,0.009000000000000001,20.3,6.763
½ÂÃÌº¸,2019-02-25,9.0,8.0,11.6,148.2,0.0,6.6,1.5,13.9,0.0,1.2,-2.8,56.8,5.1,1012.8,1021.7,5.1,11.29,5.97,11.6,7.1,14.9,148.2,7.637,0.194,10.7,8.0,418.0,6.807,3.988,2.667,0.051,0.012,17.6,7.848
½ÂÃÌº¸,2019-03-04,12.0,7.6,12.8,68.1,0.0,9.3,6.1,15.0,0.0,1.5,0.4,55.4,6.3,1006.3,1015.1,7.8,16.31,5.98,12.8,5.2,10.7,68.1,8.738,0.112,8.7,7.6,472.0,8.727,5.474,2.781,0.068,0.012,10.1,6.728
½ÂÃÌº¸,2019-03-11,12.1,7.5,8.7,76.8,0.0,6.1,2.4,10.9,0.9,1.6,4.6,91.3,8.5,1002.6,1011.4,2.1,8.47,5.96,8.7,6.0,12.2,76.8,9.938,0.181,9.3,7.5,487.0,9.909,6.386,2.79,0.066,0.013999999999999999,11.5,6.155
½ÂÃÌº¸,2019-03-18,12.1,7.8,12.1,80.5,0.0,8.7,1.5,14.9,0.0,1.3,-2.8,46.1,5.0,1011.5,1020.3,5.0,15.7,5.97,12.1,6.9,14.7,80.5,8.277999999999999,0.26,9.9,7.8,469.0,8.243,5.685,2.529,0.079,0.016,14.2,5.857
½ÂÃÌº¸,2019-03-25,11.8,8.1,8.0,41.4,0.0,7.4,1.3,14.4,0.0,1.5,0.8,64.4,6.6,1010.2,1019.1,5.2,16.2,5.55,8.0,5.9,12.4,41.4,6.13,0.223,8.0,8.1,387.0,5.9220000000000015,3.033,2.491,0.103,0.066,12.8,16.455
½ÂÃÌº¸,2019-04-01,12.2,8.1,8.6,24.1,0.0,7.5,2.3,12.8,0.0,1.7,-3.2,49.8,5.0,1015.0,1023.9,11.2,24.69,2.7,8.6,5.5,11.3,24.1,8.005,0.2,8.9,8.1,471.0,7.515,3.618,3.09,0.097,0.024,22.4,18.307
½ÂÃÌº¸,2019-04-08,14.8,8.2,7.9,26.0,0.0,13.6,7.6,20.4,0.0,1.1,1.5,54.3,7.4,1006.5,1015.2,9.8,23.79,2.72,7.9,7.2,15.6,26.0,8.106,0.58,11.1,8.2,380.0,8.088,5.769,1.339,0.394,0.268,21.2,13.035
½ÂÃÌº¸,2019-04-15,13.7,9.0,11.8,84.0,0.0,11.9,4.4,20.7,0.0,1.1,-2.1,42.8,5.3,1011.3,1020.0,12.0,27.04,2.78,11.8,5.8,12.5,84.0,5.834,0.349,8.8,9.0,374.0,5.246,3.224,1.7719999999999998,0.062,0.019,28.5,21.184
½ÂÃÌº¸,2019-04-22,20.2,8.4,10.1,70.5,0.0,20.3,13.4,27.9,0.0,1.6,12.6,63.8,14.6,1006.3,1014.7,10.2,24.77,2.73,10.1,5.8,12.7,70.5,6.98,0.253,8.5,8.4,412.0,6.4689999999999985,4.5539999999999985,1.7990000000000002,0.081,0.021,18.0,14.51
½ÂÃÌº¸,2019-04-30,15.6,7.8,6.8,16.2,0.0,15.0,11.5,20.4,0.3,1.3,13.7,92.4,15.7,1000.5,1009.0,1.9,15.19,4.47,6.8,5.8,12.2,16.2,3.922,0.407,8.3,7.8,234.0,3.753,2.428,1.255,0.159,0.156,59.1,25.249
½ÂÃÌº¸,2019-05-07,19.4,8.6,10.1,41.1,0.0,14.5,6.8,22.0,0.0,1.3,-2.1,36.3,5.4,1008.9,1017.5,13.0,30.21,4.48,10.1,4.7,9.7,41.1,6.186,0.147,7.3,8.6,410.0,5.995,3.514,2.356,0.071,0.023,13.5,7.723
½ÂÃÌº¸,2019-05-13,21.6,7.5,12.4,79.0,0.0,20.4,13.8,27.9,0.0,1.3,9.4,51.9,11.9,1006.2,1014.6,8.8,24.3,4.46,12.4,5.5,11.9,79.0,6.702000000000001,0.192,8.4,7.5,451.0,6.688,4.021,2.485,0.073,0.019,12.3,5.984
½ÂÃÌº¸,2019-05-20,20.9,7.3,5.6,42.5,0.0,16.3,12.5,20.9,1.6,2.0,8.7,64.4,12.0,999.6,1008.0,7.0,21.04,5.54,5.6,4.3,9.7,42.5,4.323,0.181,7.0,7.3,290.0,4.126,1.271,1.724,0.064,0.038,10.7,13.853
½ÂÃÌº¸,2019-05-28,20.4,7.0,4.3,35.9,0.0,17.3,12.0,23.0,0.0,1.3,7.9,59.1,10.8,1004.1,1012.5,8.5,23.99,5.43,4.3,4.5,9.8,35.9,3.15,0.269,8.0,7.0,246.0,3.025,1.763,1.115,0.105,0.10099999999999999,16.5,36.764
½ÂÃÌº¸,2019-06-03,22.9,7.6,8.4,68.7,0.0,23.1,15.4,31.0,0.0,1.2,11.6,52.1,13.8,1000.1,1008.4,12.2,29.12,5.65,8.4,6.3,13.5,68.7,4.3180000000000005,0.195,10.9,7.6,322.0,4.261,2.49,1.743,0.049,0.016,16.4,21.386
½ÂÃÌº¸,2019-06-10,24.1,7.7,4.7,34.6,0.0,19.1,16.7,22.7,11.8,1.6,16.6,86.4,18.8,998.2,1006.6,0.7,10.45,5.56,4.7,5.4,11.1,34.6,3.511,0.247,8.0,7.7,295.0,3.505,2.037,1.413,0.098,0.085,10.8,21.006
½ÂÃÌº¸,2019-06-17,24.4,8.2,8.2,77.6,0.0,22.0,17.3,28.0,0.0,1.4,16.8,74.6,19.1,1004.3,1012.6,10.1,26.17,5.48,8.2,6.9,14.9,77.6,4.374,0.225,8.6,8.2,334.0,4.337,2.197,2.06,0.054000000000000006,0.009000000000000001,13.2,7.44
½ÂÃÌº¸,2019-06-24,26.0,7.9,4.8,74.7,48.0,23.7,19.1,30.1,0.0,1.6,18.3,74.8,21.0,1004.7,1013.0,9.1,26.46,5.52,4.8,6.8,14.4,74.4,5.528,0.132,9.3,7.9,347.0,5.376,3.397,1.635,0.073,0.037000000000000005,16.9,8.625
½ÂÃÌº¸,2019-07-02,24.3,7.2,3.8,8.3,0.0,23.9,20.6,29.6,1.1,0.9,19.4,78.0,22.6,1001.2,1009.4,9.6,24.88,5.56,3.8,4.8,10.8,8.3,4.91,0.217,8.7,7.2,265.0,4.9060000000000015,2.785,1.914,0.161,0.15,21.4,31.49
½ÂÃÌº¸,2019-07-08,27.1,7.3,6.7,67.1,164.0,23.4,20.2,28.8,0.0,2.0,18.4,75.6,21.2,998.4,1006.7,6.1,22.23,5.53,6.7,4.8,14.6,67.1,4.727,0.127,10.7,7.3,329.0,4.374,2.016,1.475,0.044,0.02,14.6,17.809
½ÂÃÌº¸,2019-07-15,26.4,8.7,7.4,63.7,46.0,25.2,21.5,29.5,0.0,1.5,21.4,80.9,25.6,999.3,1007.5,4.4,18.79,5.5,7.4,4.4,10.4,63.7,4.924,0.163,11.1,8.7,323.0,4.717,2.685,1.383,0.043,0.025,14.9,9.6
½ÂÃÌº¸,2019-07-23,26.6,8.1,4.7,5.9,0.0,27.7,25.2,31.4,0.0,2.3,24.7,84.4,31.1,997.9,1006.0,7.9,23.36,5.5,4.7,3.5,8.3,5.9,3.651,0.154,8.1,8.1,201.0,3.644,1.52,1.783,0.123,0.114,8.1,41.395
½ÂÃÌº¸,2019-07-29,26.1,7.4,5.7,4.3,24.0,28.3,25.1,31.8,0.0,2.8,24.4,80.6,30.5,1002.4,1010.6,12.6,25.52,5.45,5.7,2.8,7.0,4.3,2.39,0.153,7.7,7.4,165.0,2.3680000000000003,0.633,1.7280000000000002,0.093,0.08800000000000001,15.4,72.506
½ÂÃÌº¸,2019-08-05,30.2,7.7,8.6,65.4,0.0,29.3,25.6,34.7,0.0,0.9,24.9,78.5,31.5,1001.1,1009.2,7.5,18.71,5.52,8.6,4.6,10.0,65.4,3.816,0.165,5.9,7.7,326.0,3.427,1.529,1.865,0.045,0.005,9.0,9.967
½ÂÃÌº¸,2019-08-12,27.3,7.2,4.6,22.1,0.0,27.9,26.1,30.4,1.7,3.5,26.3,91.0,34.1,992.7,1000.8,4.5,15.3,5.77,4.6,3.1,12.8,22.1,3.724,0.305,11.0,7.2,230.0,3.59,1.989,1.356,0.197,0.188,39.7,155.564
½ÂÃÌº¸,2019-08-19,28.7,8.1,10.5,106.9,0.0,26.6,20.8,32.2,0.0,1.2,19.6,68.3,22.9,1000.8,1009.0,10.2,22.05,5.74,10.2,5.1,10.2,106.9,4.803,0.151,10.3,8.1,316.0,4.684,1.756,2.405,0.062,0.019,20.2,12.8
½ÂÃÌº¸,2019-09-10,25.8,7.2,5.4,5.4,54.0,26.7,24.0,30.5,0.0,2.9,23.2,82.3,28.4,1004.3,1012.4,9.0,19.19,5.43,5.4,3.5,7.0,5.4,3.045,0.238,4.9,7.2,228.0,2.978,1.189,1.198,0.185,0.17800000000000002,9.2,46.592
½ÂÃÌº¸,2019-09-16,27.3,8.0,10.1,43.8,761.0,24.6,21.6,29.5,0.0,1.2,20.0,77.6,23.5,1001.7,1009.9,5.4,15.82,5.54,10.1,4.6,8.1,43.8,3.832,0.07200000000000001,5.5,8.0,289.0,3.5860000000000003,1.337,1.801,0.03,0.003,6.1,20.979
½ÂÃÌº¸,2019-09-24,20.0,7.3,7.0,4.2,74.0,19.3,13.7,25.1,0.0,0.9,13.9,73.8,15.9,1010.5,1019.0,11.0,21.62,5.47,7.0,2.8,6.6,4.2,2.883,0.162,4.4,7.3,152.0,2.824,0.684,1.809,0.14400000000000002,0.14,11.5,73.722
½ÂÃÌº¸,2019-09-30,25.0,7.4,8.7,47.8,4025.0,23.5,19.0,28.8,0.0,0.8,20.4,83.3,24.0,1008.2,1016.6,7.1,14.74,5.67,8.7,4.1,7.2,47.8,3.606,0.093,4.8,7.4,268.0,3.532,1.034,2.045,0.03,0.006999999999999999,8.5,27.399
½ÂÃÌº¸,2019-10-07,21.3,7.5,7.3,3.2,147.0,16.6,15.9,18.3,6.9,1.1,15.4,93.1,17.5,1009.2,1017.7,0.0,2.76,5.42,7.3,1.2,4.7,3.2,3.397,0.079,3.1,7.5,219.0,3.362,0.6890000000000001,2.316,0.048,0.043,5.3,43.254
½ÂÃÌº¸,2019-10-14,20.3,7.6,8.8,29.4,2603.0,15.2,11.3,21.6,0.0,1.1,9.9,72.1,12.3,1016.6,1025.2,9.5,16.39,5.57,8.8,3.7,6.0,29.4,3.984,0.055,5.3,7.6,249.0,3.867,0.906,2.388,0.027000000000000003,0.017,9.6,27.438
½ÂÃÌº¸,2019-10-21,19.7,7.9,12.1,65.9,28.0,17.5,11.6,24.0,0.0,0.7,10.4,67.1,12.6,1009.2,1017.7,9.8,18.07,5.55,12.1,4.8,7.2,65.9,4.452,0.06,5.1,7.9,330.0,4.382,0.94,2.624,0.02,0.002,14.3,20.164
½ÂÃÌº¸,2019-10-28,17.1,8.2,12.7,88.7,0.0,13.1,6.7,19.3,0.0,1.2,7.1,69.9,10.1,1009.0,1017.6,9.0,16.04,5.52,12.7,5.8,8.2,88.7,4.791,0.056,7.4,8.2,365.0,4.668,1.763,2.484,0.015,0.002,11.9,8.7
½ÂÃÌº¸,2019-11-04,17.5,7.9,11.9,86.0,0.0,14.7,9.8,20.9,0.0,0.6,9.5,73.1,11.9,1012.8,1021.5,7.0,13.1,5.5,11.9,5.9,9.3,86.0,6.0939999999999985,0.071,8.4,7.9,398.0,5.085,1.886,2.972,0.018000000000000002,0.0,14.0,6.814
½ÂÃÌº¸,2019-11-11,14.8,7.6,9.6,26.9,0.0,13.0,9.9,17.8,1.0,1.2,9.2,79.8,11.7,1004.8,1013.4,5.8,9.99,6.16,9.6,4.8,7.4,26.9,6.901,0.079,6.6,7.6,447.0,6.774,2.949,3.111,0.071,0.064,7.5,4.9
½ÂÃÌº¸,2019-11-18,14.1,7.5,8.0,32.8,0.0,9.8,6.2,19.5,7.7,2.0,4.4,71.0,8.9,1011.3,1020.1,1.1,5.95,7.64,8.0,3.9,8.2,32.8,5.876,0.124,7.4,7.5,408.0,5.805,3.189,2.124,0.122,0.10800000000000001,4.7,42.926
½ÂÃÌº¸,2019-11-25,13.2,7.7,11.5,62.2,0.0,5.6,3.7,10.7,0.0,2.1,-1.6,59.8,5.5,1019.4,1028.4,0.0,5.63,7.61,11.5,5.4,9.0,62.2,6.574,0.07,8.3,7.7,421.0,6.32,2.8310000000000004,2.366,0.06,0.038,8.6,24.99
½ÂÃÌº¸,2019-12-09,8.0,7.7,15.5,99.5,0.0,4.5,-1.4,11.6,0.0,0.5,-0.3,72.9,6.0,1016.1,1025.1,6.2,9.83,6.0,15.5,6.8,13.5,99.5,6.82,0.097,10.2,7.7,483.0,6.395,2.805,3.124,0.026,0.004,20.9,9.533
½ÂÃÌº¸,2019-12-16,9.1,7.7,14.6,74.6,0.0,10.2,6.3,16.3,0.0,0.8,3.6,65.3,7.9,1014.3,1023.1,5.3,4.9,6.01,14.6,6.5,9.8,74.6,7.676,0.08199999999999999,8.0,7.7,492.0,7.421,2.929,3.482,0.024,0.01,11.7,10.534
½ÂÃÌº¸,2019-12-23,7.4,7.7,12.9,58.8,0.0,5.2,2.5,10.2,0.0,1.2,-0.1,70.1,6.1,1014.0,1023.0,4.6,8.06,6.0,12.9,5.9,9.0,58.8,6.246,0.062,7.3,7.7,456.0,5.921,2.222,3.149,0.011,0.002,11.5,10.533
½ÂÃÌº¸,2020-01-06,7.5,7.5,13.5,69.7,0.0,7.1,4.7,8.8,15.5,0.9,3.7,82.4,8.4,1015.4,1024.3,0.0,1.68,6.1,13.5,6.0,9.6,69.7,7.74,0.08800000000000001,8.6,7.5,439.0,7.6560000000000015,3.465,3.51,0.015,0.0,14.5,9.763
½ÂÃÌº¸,2020-01-13,7.0,7.3,11.0,16.9,0.0,2.3,-0.5,5.5,0.0,1.8,-4.9,59.0,4.3,1014.7,1023.8,3.0,7.74,6.22,11.0,4.0,7.2,16.9,5.089,0.103,5.4,7.3,280.0,5.0310000000000015,1.369,2.911,0.055,0.037000000000000005,10.5,12.415
½ÂÃÌº¸,2020-01-20,6.8,7.2,10.3,20.9,0.0,4.0,1.2,7.9,0.0,1.2,-2.9,63.1,5.0,1015.1,1024.1,5.4,10.13,6.01,10.3,4.0,7.4,20.9,6.702000000000001,0.094,5.9,7.2,364.0,6.441,2.484,3.641,0.042,0.03,7.4,10.533
½ÂÃÌº¸,2020-01-28,9.2,7.2,9.8,21.4,0.0,7.3,3.7,13.0,0.0,1.0,4.1,81.9,8.2,1008.1,1016.9,4.5,11.41,6.04,9.8,4.8,7.8,21.4,7.077000000000001,0.113,6.3,7.2,362.0,6.891,3.665,2.931,0.048,0.032,8.3,18.003
½ÂÃÌº¸,2020-02-03,8.6,7.2,12.9,28.3,0.0,2.0,-1.3,6.6,0.0,1.3,-4.1,65.8,4.6,1018.2,1027.3,6.0,12.28,6.06,12.9,5.7,8.9,28.3,6.6179999999999986,0.105,7.3,7.2,380.0,5.581,2.97,2.605,0.077,0.063,11.1,13.2
½ÂÃÌº¸,2020-02-10,6.9,7.3,12.1,24.0,0.0,5.6,-0.2,13.2,0.0,0.7,-3.1,56.8,4.9,1015.8,1024.8,8.1,14.08,6.0,12.1,5.5,8.5,24.0,7.367000000000001,0.08,6.9,7.3,393.0,7.2360000000000015,3.027,3.917,0.029,0.013999999999999999,7.3,7.83
½ÂÃÌº¸,2020-02-24,10.2,7.5,9.2,57.4,0.0,8.3,0.1,16.3,0.9,1.1,1.6,65.8,7.1,1015.7,1024.6,7.1,15.56,5.95,9.2,6.5,12.0,57.4,6.4460000000000015,0.303,8.7,7.5,437.0,5.995,3.259,2.271,0.168,0.152,14.5,23.341
½ÂÃÌº¸,2020-03-02,10.2,7.6,11.2,27.9,0.0,6.0,3.0,10.2,0.0,1.9,-3.6,52.4,4.8,1015.0,1023.9,9.9,21.9,6.02,11.2,5.0,7.9,27.9,4.507,0.109,6.0,7.6,317.0,4.493,2.012,2.144,0.044,0.028999999999999998,13.6,18.777
½ÂÃÌº¸,2020-03-09,11.3,7.1,10.5,31.5,0.0,9.4,5.1,13.9,4.5,1.6,6.6,84.3,9.8,1004.3,1013.0,0.3,8.66,5.96,10.5,6.0,9.0,31.5,7.135,0.15,7.4,7.1,382.0,6.643,3.58,2.698,0.038,0.011000000000000001,12.5,15.254
½ÂÃÌº¸,2020-03-16,11.1,7.6,13.6,88.4,0.0,5.4,0.2,12.5,0.0,1.8,-6.9,43.6,3.7,1014.1,1023.1,10.2,22.8,6.09,13.6,6.6,12.6,88.4,6.9510000000000005,0.131,8.4,7.6,392.0,6.6770000000000005,3.531,2.546,0.032,0.005,19.0,10.424
½ÂÃÌº¸,2020-03-23,14.7,8.2,14.6,107.3,0.0,10.8,5.5,18.6,0.0,1.5,-1.2,46.0,5.8,1010.3,1019.0,11.3,23.7,5.99,14.6,6.5,13.7,107.3,7.233,0.106,8.1,8.2,431.0,6.615,3.1210000000000004,3.007,0.029,0.004,19.6,7.231
½ÂÃÌº¸,2020-03-30,13.2,7.3,10.1,121.6,0.0,11.9,8.0,18.8,0.0,1.1,3.1,56.5,7.6,1011.6,1020.4,10.7,22.79,6.03,10.1,8.7,12.5,121.6,4.772,0.237,9.7,7.3,335.0,4.439,2.287,1.538,0.042,0.01,18.4,13.2
½ÂÃÌº¸,2020-04-06,14.4,8.8,16.3,120.9,0.0,9.6,1.6,17.9,0.0,1.2,-5.5,41.0,4.3,1012.3,1021.1,8.7,23.7,5.98,16.3,8.7,15.8,120.9,6.354,0.119,9.6,8.8,419.0,6.202000000000001,2.62,2.829,0.033,0.004,23.7,8.863
½ÂÃÌº¸,2020-04-13,14.6,7.3,10.7,61.4,0.0,9.5,5.2,14.8,0.0,1.7,0.5,56.9,6.5,1005.5,1014.3,11.1,24.01,6.03,10.7,6.8,12.9,61.4,8.776,0.08900000000000001,8.1,7.3,469.0,8.717,4.8660000000000005,3.177,0.059,0.013000000000000001,14.0,10.6
½ÂÃÌº¸,2020-04-20,15.0,6.8,3.4,19.6,0.0,11.6,8.4,17.9,0.0,1.8,7.6,78.5,10.6,1004.6,1013.3,3.5,16.68,5.91,3.4,7.6,13.2,19.6,7.305,0.28,9.0,6.8,326.0,6.252000000000002,4.933,1.046,0.16899999999999998,0.145,18.5,33.639
½ÂÃÌº¸,2020-04-27,16.5,7.9,13.7,60.9,0.0,12.8,7.1,19.7,0.0,1.4,-1.8,39.1,5.5,1012.3,1021.0,12.5,28.33,6.01,13.7,7.5,14.8,60.9,7.056,0.107,8.9,7.9,412.0,6.559,3.393,2.505,0.037000000000000005,0.005,16.4,10.6
½ÂÃÌº¸,2020-05-04,19.9,6.8,1.7,15.3,0.0,19.5,13.8,26.8,0.0,1.1,15.3,78.1,17.6,1000.6,1009.0,8.7,23.16,5.97,1.6,8.2,12.1,14.0,6.655,0.231,9.5,6.7,340.0,5.835,4.595,1.2009999999999998,0.142,0.098,16.8,19.83
½ÂÃÌº¸,2020-05-11,19.7,7.2,5.4,37.2,0.0,18.8,13.2,26.5,0.0,1.4,10.7,66.5,13.2,1001.5,1009.9,10.0,27.78,5.99,4.2,6.3,11.4,26.3,3.739,0.209,7.1,7.0,290.0,3.696,2.374,0.752,0.13699999999999998,0.10800000000000001,7.9,20.745
½ÂÃÌº¸,2020-05-18,21.5,6.8,8.0,75.3,0.0,18.8,12.9,24.8,14.3,2.3,16.0,84.8,18.3,991.8,1000.1,4.1,17.87,6.13,6.0,6.7,12.1,66.5,3.762,0.139,7.9,6.8,293.0,3.294,1.927,0.975,0.069,0.04,11.5,22.787
½ÂÃÌº¸,2020-05-25,21.7,7.0,7.5,61.8,0.0,18.5,15.3,23.7,0.0,0.8,14.9,81.6,17.0,1003.6,1012.1,2.9,18.01,6.07,6.8,6.5,10.2,58.5,5.273,0.115,7.1,6.9,347.0,4.957,2.527,1.648,0.052000000000000005,0.027999999999999997,17.6,19.356
½ÂÃÌº¸,2020-06-01,23.0,7.1,7.3,47.1,0.0,21.1,17.5,26.1,0.0,1.3,12.6,64.4,15.3,1002.8,1011.1,9.1,27.27,5.79,6.7,6.0,10.1,38.1,4.879,0.116,6.4,6.9,346.0,4.605,2.502,1.39,0.051,0.026000000000000002,10.7,26.277
½ÂÃÌº¸,2020-06-08,26.8,7.6,9.6,112.1,29.0,26.0,19.5,33.7,0.0,1.4,16.1,58.6,18.5,1006.2,1014.4,12.7,29.34,5.55,8.5,6.8,13.1,90.7,5.22,0.15,7.3,7.4,333.0,4.783,2.208,1.618,0.039,0.01,17.8,16.972
½ÂÃÌº¸,2020-06-15,25.4,7.2,5.8,8.9,0.0,23.5,18.3,29.5,0.0,1.0,16.6,68.5,19.0,999.5,1007.7,11.9,29.3,5.52,5.4,6.9,10.8,8.2,3.173,0.196,7.1,7.2,184.0,3.104,0.92,1.49,0.153,0.129,24.2,57.43
½ÂÃÌº¸,2020-06-22,27.9,7.3,12.1,59.4,54.0,24.5,19.6,31.1,0.0,1.4,19.9,77.1,23.3,1000.6,1008.8,10.8,25.25,5.44,7.3,5.6,10.1,57.4,3.683,0.128,6.3,7.3,243.0,3.425,0.708,1.982,0.046,0.023,12.2,31.5
½ÂÃÌº¸,2020-07-01,23.3,7.6,5.8,22.6,0.0,22.1,17.8,27.9,0.0,1.0,17.2,75.6,19.6,997.3,1005.6,7.4,23.35,5.81,5.5,6.0,9.9,20.1,3.282,0.198,7.6,7.5,228.0,3.195,1.025,1.413,0.14,0.11900000000000001,11.1,29.735
½ÂÃÌº¸,2020-07-06,23.9,7.0,7.4,25.1,0.0,22.9,20.4,25.0,0.3,1.0,22.1,95.4,26.6,993.3,1001.5,0.5,7.84,5.48,6.6,5.5,8.4,25.7,4.065,0.11,6.2,6.9,274.0,3.914,1.411,1.795,0.07,0.055,10.5,20.491
½ÂÃÌº¸,2020-07-15,20.6,7.9,7.5,5.4,0.0,19.8,18.9,21.5,9.8,0.6,19.5,98.6,22.7,997.2,1005.5,0.0,5.79,5.74,7.4,3.6,6.9,5.7,2.998,0.17,5.0,7.4,146.0,2.752,0.52,1.871,0.127,0.11599999999999999,25.7,166.562
½ÂÃÌº¸,2020-07-21,26.2,6.9,7.7,20.2,0.0,24.7,21.6,29.1,9.4,1.0,22.3,87.8,26.9,1003.5,1011.8,4.0,19.51,5.5,7.4,3.5,6.3,18.6,3.4960000000000004,0.126,4.6,6.9,225.0,3.386,1.132,1.796,0.096,0.083,11.0,57.51300000000001
½ÂÃÌº¸,2020-07-27,23.2,7.1,7.2,5.3,0.0,23.2,20.9,27.2,8.9,0.9,22.2,94.1,26.7,999.5,1007.8,0.0,9.47,5.52,7.4,3.1,5.9,6.0,2.769,0.14,3.5,7.0,162.0,2.738,0.612,1.739,0.114,0.1,8.0,93.862
½ÂÃÌº¸,2020-08-03,25.5,7.8,6.3,5.6,74.0,27.7,25.6,30.3,0.0,3.1,25.9,90.4,33.4,1002.2,1010.3,2.7,16.02,5.49,6.5,3.9,5.7,5.2,3.169,0.154,4.2,7.6,182.0,3.152,0.759,1.88,0.14300000000000002,0.131,13.7,73.294
½ÂÃÌº¸,2020-08-19,30.0,7.8,8.8,63.1,0.0,28.2,23.4,34.4,0.0,1.0,24.0,79.8,29.8,1003.3,1011.5,12.3,26.81,5.5,7.9,4.3,7.8,57.5,3.472,0.18,4.5,7.6,244.0,3.36,1.073,1.736,0.133,0.102,5.7,35.363
½ÂÃÌº¸,2020-08-24,29.8,7.1,8.4,45.9,98.0,28.3,24.0,33.6,0.0,1.9,24.4,81.1,30.6,997.3,1005.4,10.6,23.14,5.55,7.0,4.7,8.2,45.3,4.24,0.11,5.0,7.0,284.0,3.99,1.658,1.457,0.065,0.038,8.7,26.385
½ÂÃÌº¸,2020-09-01,28.3,6.7,5.9,25.6,0.0,26.7,23.0,31.1,0.1,1.7,24.4,88.0,30.6,1000.0,1008.2,5.9,15.61,5.24,6.1,4.8,8.0,24.1,2.511,0.218,5.2,6.7,165.0,2.282,0.54,1.3159999999999998,0.121,0.10099999999999999,50.2,101.789
½ÂÃÌº¸,2020-09-08,21.6,7.1,7.5,4.6,19.0,24.1,21.0,27.9,0.0,2.9,22.0,89.3,26.5,1003.4,1011.7,5.8,15.67,5.44,7.4,3.7,6.4,4.2,2.218,0.172,4.0,7.1,140.0,2.14,0.378,1.3130000000000002,0.124,0.11,28.7,139.753
½ÂÃÌº¸,2020-09-14,23.4,7.2,7.2,5.3,45.0,22.3,19.7,26.7,0.0,1.1,19.3,84.6,22.3,1006.3,1014.6,8.4,20.27,5.47,7.2,3.1,5.4,6.0,2.545,0.14400000000000002,3.3,7.1,172.0,2.501,0.489,1.6130000000000002,0.111,0.1,9.8,81.35
½ÂÃÌº¸,2020-09-21,23.5,8.2,12.2,67.3,332.0,18.9,13.0,24.9,0.0,0.8,12.1,68.6,14.2,1009.4,1017.9,10.5,20.45,5.51,10.9,4.5,8.3,71.5,2.948,0.091,4.7,7.8,223.0,2.742,0.365,2.037,0.04,0.03,12.1,35.561
½ÂÃÌº¸,2020-09-28,24.3,9.3,16.3,148.1,165.0,19.9,15.7,25.6,0.0,1.0,13.2,69.3,15.3,1008.0,1016.4,10.8,21.43,5.47,13.5,6.8,13.5,230.8,4.192,0.083,7.0,8.7,322.0,3.904,1.247,1.773,0.019,0.002,22.9,17.855
½ÂÃÌº¸,2020-10-05,22.2,8.2,10.6,192.7,28.0,15.3,11.4,19.8,0.0,2.4,5.7,53.8,9.2,1010.0,1018.6,9.3,19.39,5.5,10.5,5.4,11.7,184.4,4.2360000000000015,0.094,5.7,8.1,323.0,3.746,1.137,1.761,0.02,0.005,22.1,17.340999999999998
½ÂÃÌº¸,2020-10-12,21.4,9.0,14.5,214.7,118.0,17.8,14.8,23.3,0.0,0.8,13.1,76.6,15.2,1007.6,1016.0,7.2,15.32,5.49,13.9,4.5,12.9,204.7,4.549,0.113,4.6,8.9,356.0,3.986,1.105,2.0540000000000003,0.019,0.006999999999999999,24.7,16.995
½ÂÃÌº¸,2020-10-19,17.7,8.2,13.1,147.6,128.0,15.6,9.9,21.6,0.0,1.3,7.5,61.6,10.4,1015.9,1024.6,8.4,15.85,5.5,12.6,4.4,11.5,143.3,4.308,0.093,4.7,7.8,344.0,3.867,1.018,2.144,0.019,0.001,17.4,12.33
½ÂÃÌº¸,2020-10-26,16.4,7.8,13.1,118.0,234.0,13.4,7.7,20.6,0.0,0.7,7.5,71.4,10.4,1011.5,1019.9,9.0,15.74,5.49,12.1,4.6,11.8,116.2,5.857,0.109,5.2,7.6,404.0,5.3679999999999986,2.375,2.397,0.023,0.004,15.8,11.913
½ÂÃÌº¸,2020-11-02,16.3,7.3,10.1,75.9,72.0,13.1,8.6,18.2,0.3,1.0,7.2,71.8,10.5,1012.0,1020.5,5.9,12.92,5.5,9.7,4.8,9.6,95.9,5.605,0.077,5.2,7.3,432.0,5.392,1.873,2.704,0.018000000000000002,0.0,12.6,12.122
½ÂÃÌº¸,2020-11-09,14.0,7.2,9.5,57.2,0.0,8.6,4.1,13.8,0.0,1.9,-4.7,41.9,4.5,1017.4,1026.0,9.5,15.39,5.58,9.4,4.7,8.6,61.0,5.952000000000001,0.091,5.4,7.2,437.0,5.689,2.149,2.71,0.026,0.009000000000000001,12.1,9.087
½ÂÃÌº¸,2020-11-16,13.9,7.6,12.9,47.6,0.0,14.5,8.0,22.1,0.0,0.9,5.8,60.3,9.3,1016.4,1024.8,8.5,13.56,7.55,10.8,4.4,9.0,58.5,6.377999999999999,0.054000000000000006,4.7,7.4,448.0,6.104,2.527,2.853,0.023,0.001,7.2,5.098
½ÂÃÌº¸,2020-11-24,13.6,7.1,5.0,11.4,0.0,6.9,3.1,12.2,0.0,1.6,-6.4,40.8,3.9,1018.7,1027.4,6.3,11.88,7.56,4.9,3.7,6.6,13.1,4.0760000000000005,0.242,4.3,7.1,341.0,3.92,2.235,1.34,0.209,0.18899999999999997,3.6,10.06
½ÂÃÌº¸,2020-12-01,10.3,7.5,12.3,46.0,0.0,4.3,-0.6,10.8,0.0,1.7,-10.9,35.9,2.7,1024.8,1033.6,8.5,12.83,6.01,11.8,5.1,8.4,43.5,6.695,0.114,5.6,7.5,431.0,6.348,2.778,2.707,0.033,0.017,9.6,32.214
½ÂÃÌº¸,2020-12-07,8.7,7.3,11.9,53.1,0.0,5.1,0.2,10.7,0.0,1.3,-0.2,69.9,6.1,1019.2,1028.0,1.2,6.24,5.93,11.7,3.4,7.9,54.1,7.082999999999998,0.092,3.6,7.2,448.0,6.853,2.709,3.3110000000000004,0.03,0.011000000000000001,7.0,12.027
½ÂÃÌº¸,2020-12-15,7.6,7.2,12.4,61.4,0.0,-2.7,-5.8,1.7,0.0,2.7,-12.7,46.9,2.3,1021.4,1030.5,9.2,12.75,5.89,12.3,3.9,8.1,65.5,8.345,0.105,4.1,7.2,485.0,8.326,5.018,2.781,0.024,0.005,10.8,17.108
½ÂÃÌº¸,2020-12-21,5.7,7.1,13.6,72.0,0.0,1.2,-3.1,7.0,0.0,0.8,-5.5,61.5,4.1,1020.8,1029.7,3.3,7.71,5.89,13.5,4.1,8.6,68.6,8.616,0.121,4.3,7.1,489.0,8.126,3.696,3.705,0.026,0.002,9.9,22.14
½ÂÃÌº¸,2021-01-04,5.9,7.0,13.0,66.8,0.0,1.2,-3.6,6.9,0.0,0.7,-3.7,71.8,4.7,1021.8,1030.7,5.8,10.07,6.05,12.7,5.8,8.5,66.9,9.644,0.272,7.2,7.0,631.0,9.393,5.148,3.405,0.097,0.074,10.7,10.306
½ÂÃÌº¸,2021-01-14,5.5,7.4,13.9,58.3,0.0,6.6,0.6,12.7,0.0,0.8,2.2,76.8,7.2,1012.3,1021.0,8.5,12.16,6.09,13.5,4.7,8.6,47.4,10.515999999999998,0.12,5.1,7.4,508.0,10.511,6.2,3.35,0.027000000000000003,0.007,10.9,13.2
½ÂÃÌº¸,2021-01-19,5.3,7.2,12.4,44.2,0.0,-1.3,-5.3,3.6,0.0,1.7,-12.3,46.0,2.4,1022.0,1031.0,9.4,14.39,5.96,12.4,3.9,7.7,49.4,10.447,0.218,4.0,7.2,478.0,9.364,6.558,2.79,0.065,0.063,8.3,12.458
½ÂÃÌº¸,2021-01-25,8.9,7.2,9.7,44.3,0.0,8.8,4.4,15.5,0.0,0.9,2.4,66.8,7.3,1016.3,1024.9,9.2,13.75,6.04,9.0,4.6,8.4,51.4,8.09,0.305,5.6,7.1,500.0,8.066,5.8660000000000005,2.1830000000000003,0.215,0.162,9.7,12.248
½ÂÃÌº¸,2021-02-01,7.7,7.3,12.2,62.6,0.0,8.3,4.1,10.3,11.6,1.7,6.8,90.6,10.1,1009.6,1018.2,0.0,4.36,5.88,12.1,4.8,8.7,63.5,9.422,0.15,5.3,7.2,484.0,8.83,5.695,3.112,0.032,0.009,12.5,31.74
½ÂÃÌº¸,2021-02-08,7.4,7.4,11.8,68.6,0.0,0.3,-1.7,3.9,0.0,1.9,-11.0,44.8,2.7,1019.5,1028.5,9.8,17.29,5.97,11.8,4.5,8.7,51.7,8.182,0.103,5.3,7.4,463.0,8.0,5.075,2.85,0.033,0.008,11.9,13.071
½ÂÃÌº¸,2021-02-15,10.5,7.6,14.3,69.2,0.0,3.9,0.2,9.0,0.6,1.8,-2.2,65.9,5.6,1005.3,1014.0,2.8,7.26,5.95,14.1,5.1,10.7,91.8,11.109000000000002,0.133,6.1,7.5,474.0,9.787,7.131,2.632,0.038,0.006,10.4,12.286
½ÂÃÌº¸,2021-02-22,9.9,7.3,12.8,55.6,0.0,10.5,3.0,19.0,0.0,1.3,2.7,62.1,7.9,1007.0,1015.4,9.9,16.61,5.98,12.2,4.4,9.0,52.7,9.629,0.127,5.6,7.2,584.0,9.603,5.933,3.347,0.032,0.007,12.1,11.338
½ÂÃÌº¸,2021-03-02,10.7,7.1,8.6,27.3,0.0,4.7,1.3,8.7,0.0,1.7,0.2,74.8,6.3,1015.6,1024.3,6.9,15.61,5.87,8.5,3.9,9.3,32.8,4.5680000000000005,0.28800000000000003,7.9,7.1,278.0,4.121,1.266,1.937,0.112,0.095,39.0,94.936
½ÂÃÌº¸,2021-03-08,11.8,7.1,10.9,77.3,0.0,8.6,5.0,16.1,0.0,1.5,1.5,66.1,7.0,1018.0,1026.6,8.8,19.79,5.92,10.6,4.9,8.3,73.6,5.285,0.162,4.5,7.1,289.0,4.841,1.5590000000000002,2.767,0.037000000000000005,0.016,17.9,18.705
½ÂÃÌº¸,2021-03-15,12.8,7.8,12.1,93.3,0.0,12.3,5.3,20.2,2.4,1.5,5.7,69.3,9.3,1008.5,1016.9,7.7,17.43,5.93,10.8,5.3,9.2,103.3,4.686,0.185,5.0,7.5,286.0,4.052,1.497,2.03,0.029,0.008,16.0,14.800999999999998
½ÂÃÌº¸,2021-03-22,12.8,6.8,10.0,106.4,0.0,7.5,3.7,12.6,0.0,1.9,-4.0,47.8,4.8,1014.1,1022.8,10.9,23.98,5.98,9.8,5.1,9.7,85.6,7.3679999999999986,0.18,5.5,6.8,350.0,6.332000000000002,3.917,2.002,0.04,0.016,17.6,13.0
½ÂÃÌº¸,2021-03-29,14.9,7.8,9.3,102.3,0.0,13.1,9.8,18.4,0.0,1.5,2.1,53.0,7.5,1001.2,1009.5,7.0,18.87,5.93,8.6,5.2,9.5,88.2,3.342,0.243,4.7,7.6,229.0,2.86,0.8220000000000001,1.7380000000000002,0.073,0.057,25.8,43.054
½ÂÃÌº¸,2021-04-05,15.3,7.6,8.1,142.4,0.0,12.4,7.1,19.4,0.0,1.1,2.0,56.3,7.3,1012.4,1020.9,11.6,26.75,5.55,7.4,5.9,8.9,127.3,4.454,0.181,4.4,7.5,268.0,4.127,1.882,1.531,0.029,0.013,24.0,20.02
½ÂÃÌº¸,2021-04-12,17.5,8.5,13.3,224.4,0.0,13.9,12.6,15.0,16.9,1.9,9.1,78.3,12.4,1009.7,1018.0,0.0,4.33,5.57,12.4,6.9,12.3,224.1,4.74,0.17,4.8,8.2,324.0,4.187,1.352,2.099,0.028,0.008,24.4,20.078
½ÂÃÌº¸,2021-04-19,15.4,8.8,16.4,234.1,0.0,12.8,4.8,21.0,0.0,0.8,1.6,53.4,7.0,1010.5,1018.9,12.3,28.14,5.51,14.2,6.8,13.6,228.3,5.667999999999998,0.166,4.5,8.3,341.0,4.707,1.614,2.456,0.029,0.004,22.7,11.673
½ÂÃÌº¸,2021-04-26,19.8,7.4,10.2,53.5,0.0,16.5,12.1,22.7,0.0,1.3,4.7,50.6,8.8,1012.6,1021.0,12.2,26.52,5.54,9.3,4.1,9.2,57.2,4.997,0.091,4.7,7.3,350.0,4.828,2.234,2.006,0.035,0.007,12.2,11.018
½ÂÃÌº¸,2021-05-03,17.1,7.1,7.3,80.7,0.0,15.6,7.6,23.8,0.0,1.3,6.9,61.9,10.0,1010.1,1018.5,10.5,28.3,5.52,6.4,4.8,11.2,77.4,4.657,0.226,6.8,7.0,319.0,4.301,2.47,1.222,0.107,0.066,11.8,13.686
½ÂÃÌº¸,2021-05-10,19.7,7.3,12.7,108.7,0.0,18.3,14.6,22.6,0.0,1.6,4.1,39.8,8.3,1003.4,1011.5,0.3,11.37,5.47,11.2,5.1,11.2,88.3,5.348,0.16,4.5,7.2,375.0,5.011,2.085,2.385,0.033,0.005,26.1,15.458
½ÂÃÌº¸,2021-05-17,20.8,6.6,4.4,16.6,0.0,15.9,14.4,18.1,1.4,1.3,15.5,98.1,17.7,999.5,1007.8,0.0,6.29,5.46,4.3,3.0,7.9,13.9,2.937,0.237,5.2,6.6,188.0,2.661,1.159,0.986,0.121,0.105,22.3,67.404
½ÂÃÌº¸,2021-05-24,23.5,8.1,14.4,186.5,0.0,19.9,15.4,24.9,0.4,1.1,13.4,68.9,15.6,1000.4,1008.5,8.9,25.07,5.47,11.2,6.9,11.9,177.9,3.966,0.168,7.5,7.4,303.0,3.359,0.7509999999999999,1.725,0.03,0.004,21.3,18.302
½ÂÃÌº¸,2021-06-01,25.0,8.6,17.0,136.3,0.0,23.5,17.1,29.6,0.0,0.9,12.2,51.3,14.4,1005.6,1013.7,11.8,27.42,5.42,12.4,5.3,14.0,122.0,4.005,0.172,8.6,7.6,307.0,3.3760000000000003,0.664,1.927,0.039,0.010,22.6,19.65
½ÂÃÌº¸,2021-06-07,24.0,7.1,9.9,126.7,0.0,24.1,17.4,30.3,0.0,0.9,14.1,56.3,16.1,1005.6,1013.6,10.6,25.55,5.43,9.1,5.0,11.8,95.8,3.5660000000000003,0.087,8.5,6.9,295.0,3.398,1.144,1.487,0.031,0.008,22.3,23.205
½ÂÃÌº¸,2021-06-14,26.4,6.6,7.6,81.7,0.0,23.4,18.9,27.5,0.0,1.5,20.0,82.3,23.4,997.8,1005.8,4.5,20.03,5.49,6.7,4.7,10.0,82.9,3.631,0.16699999999999998,7.7,6.4,265.0,3.1,1.223,1.225,0.051,0.029,16.8,18.557
½ÂÃÌº¸,2021-06-21,26.6,7.2,10.9,95.0,157.0,25.1,19.3,32.8,0.0,1.1,14.5,55.4,16.7,996.6,1004.5,12.7,30.89,5.44,8.8,7.1,12.5,96.6,3.503,0.079,5.9,6.7,296.0,3.418,0.989,1.423,0.034,0.007,15.1,21.329
½ÂÃÌº¸,2021-06-28,27.1,6.6,6.0,66.7,0.0,22.8,20.0,28.8,18.8,0.8,21.1,91.3,25.0,996.9,1004.9,5.0,15.34,5.48,5.3,7.0,12.8,60.2,3.221,0.145,7.4,6.5,316.0,3.068,1.222,1.266,0.075,0.049,10.9,40.963
½ÂÃÌº¸,2021-07-05,24.8,6.8,4.7,25.4,0.0,21.9,20.1,23.1,29.1,1.1,21.6,98.6,25.9,1001.7,1009.7,0.0,5.21,5.45,4.5,4.4,9.2,25.1,2.635,0.197,6.8,6.7,225.0,2.321,0.885,0.903,0.129,0.115,14.7,52.544
½ÂÃÌº¸,2021-07-12,27.8,6.6,8.0,53.2,66.0,28.1,24.9,32.4,0.0,1.8,25.7,87.5,33.0,1002.2,1010.1,6.3,21.16,5.48,7.6,6.8,7.3,60.3,3.04,0.087,4.9,6.5,231.0,2.779,0.527,1.71,0.036000000000000004,0.026,8.6,30.856
½ÂÃÌº¸,2021-07-19,29.2,7.2,8.2,72.2,63.0,27.8,24.1,32.5,0.0,1.2,23.4,78.4,28.8,1004.7,1012.6,7.9,20.79,5.5,7.5,5.6,8.8,75.5,2.867,0.16699999999999998,5.2,7.0,272.0,2.6460000000000004,0.7140000000000001,1.005,0.087,0.066,16.3,22.387
½ÂÃÌº¸,2021-07-26,29.3,7.8,9.8,136.4,98.0,28.3,24.7,32.8,0.0,1.6,21.5,67.3,25.6,995.9,1003.8,8.3,20.25,5.47,9.5,5.9,9.6,142.8,3.985,0.14300000000000002,7.3,7.7,349.0,3.667,0.8009999999999999,1.754,0.04,0.018,19.7,10.131
½ÂÃÌº¸,2021-08-02,29.1,6.7,4.2,129.9,822.0,26.9,24.5,30.4,45.3,0.8,26.2,96.1,34.1,995.4,1003.3,2.4,12.71,5.58,3.3,7.5,11.6,134.8,3.434,0.195,6.7,6.7,278.0,3.1180000000000003,1.6769999999999998,0.841,0.075,0.052,18.5,53.06100000000001
½ÂÃÌº¸,2021-08-09,28.3,6.7,6.3,58.3,491.0,27.2,22.7,33.0,0.0,1.0,23.3,81.3,28.7,995.1,1003.0,10.1,25.99,5.64,4.5,5.9,8.8,54.2,2.4930000000000003,0.165,5.9,6.5,223.0,2.261,0.889,0.856,0.085,0.067,18.1,30.396
½ÂÃÌº¸,2021-08-17,28.3,7.0,8.6,86.0,661.0,25.5,20.4,30.7,17.2,1.6,20.0,73.9,23.5,1000.4,1008.3,9.5,24.47,5.67,6.8,8.8,9.2,108.8,3.207,0.225,6.7,6.9,259.0,2.873,1.221,1.079,0.117,0.104,13.6,15.5
½ÂÃÌº¸,2021-09-06,24.2,6.7,6.9,18.5,510.0,21.2,18.0,23.1,2.1,1.7,19.9,93.3,23.4,1007.0,1015.1,0.0,6.07,5.51,6.8,2.5,5.1,15.4,2.852,0.107,3.9,6.7,232.0,2.779,0.618,1.654,0.069,0.064,7.4,42.188
½ÂÃÌº¸,2021-09-13,26.1,7.2,9.7,57.1,89.0,24.2,20.6,28.8,0.0,1.8,18.0,69.8,20.7,1006.7,1014.8,4.0,15.62,5.53,9.7,3.9,6.3,62.9,3.208,0.07400000000000001,4.7,7.1,291.0,3.0610000000000004,0.7929999999999999,1.814,0.023,0.008,8.5,23.149
½ÂÃÌº¸,2021-09-23,25.1,7.0,8.4,25.2,2018.0,21.5,17.8,26.6,0.0,1.1,15.7,72.6,18.0,1009.7,1017.8,10.1,21.43,5.45,7.3,4.0,7.3,20.6,2.289,0.109,5.2,6.8,239.0,1.936,0.165,1.314,0.066,0.064,8.7,24.27
½ÂÃÌº¸,2021-09-27,24.7,7.0,9.5,44.3,1206.0,23.0,19.1,26.5,0.0,1.4,17.9,73.8,20.5,1006.8,1014.9,3.4,12.17,5.46,9.1,5.7,7.6,24.2,3.828,0.097,5.8,7.0,318.0,3.602,1.078,1.813,0.028,0.010,10.0,15.140999999999998
½ÂÃÌº¸,2021-10-05,25.4,7.8,11.9,94.5,1003.0,24.4,19.9,30.4,0.0,0.9,21.2,84.1,25.1,1013.1,1021.2,9.5,18.9,5.51,9.9,5.7,7.6,89.9,3.603,0.099,5.7,7.3,351.0,3.3510000000000004,0.491,2.1630000000000003,0.03,0.013,12.2,9.803
½ÂÃÌº¸,2021-10-12,22.9,6.9,4.8,47.0,617.0,17.4,15.7,18.8,5.9,1.6,17.2,98.9,19.6,1014.2,1022.5,0.0,3.81,5.41,4.2,5.1,8.2,53.9,5.22,0.221,5.9,6.6,378.0,4.993,2.027,2.095,0.145,0.137,14.5,24.497
½ÂÃÌº¸,2021-10-18,16.3,7.2,9.9,34.3,0.0,11.4,3.6,19.1,0.0,1.3,1.6,53.1,7.1,1014.9,1023.5,9.9,19.2,5.51,9.1,6.2,7.2,49.2,4.033,0.238,6.3,7.0,316.0,3.819,1.304,1.824,0.147,0.143,12.0,10.862
½ÂÃÌº¸,2021-10-25,17.3,8.3,17.2,112.9,0.0,13.1,8.1,19.5,0.0,0.8,7.2,70.8,10.2,1014.0,1022.5,9.8,17.03,5.51,16.1,6.9,10.8,91.6,5.178,0.095,7.2,8.2,397.0,4.86,0.711,3.353,0.024,0.008,15.8,11.017
½ÂÃÌº¸,2021-11-01,17.0,7.1,10.5,52.2,0.0,14.5,10.8,20.0,0.0,0.6,10.7,80.0,12.9,1015.6,1024.0,8.3,13.22,5.45,10.2,5.3,7.8,64.1,5.122000000000001,0.07400000000000001,5.7,7.0,423.0,4.923,1.1,2.899,0.023,0.002,10.7,9.715
½ÂÃÌº¸,2021-11-08,17.0,7.2,11.2,75.2,0.0,11.6,7.4,18.5,21.2,2.3,8.5,82.1,11.4,1006.0,1014.5,1.0,4.73,5.51,11.2,5.7,8.3,70.5,5.4110000000000005,0.09,6.1,7.2,428.0,5.246,1.385,3.026,0.024,0.006,14.4,22.28
½ÂÃÌº¸,2021-11-15,12.6,6.9,8.5,33.3,0.0,10.8,5.3,16.6,0.0,0.5,7.5,82.9,10.4,1013.5,1022.1,8.6,12.34,7.52,8.4,5.4,7.7,36.7,3.944,0.253,5.5,6.9,321.0,3.944,1.057,2.035,0.201,0.196,7.0,6.48
½ÂÃÌº¸,2021-11-22,13.3,6.9,9.7,54.1,0.0,7.3,3.9,12.8,1.9,1.5,2.6,73.6,7.6,1008.5,1017.1,1.9,6.92,7.53,9.4,4.1,8.3,52.2,4.738,0.097,5.1,6.9,384.0,4.519,1.253,2.526,0.042,0.033,6.3,8.454
½ÂÃÌº¸,2021-11-29,12.2,7.0,9.3,38.4,0.0,8.9,2.0,17.0,0.0,0.6,3.1,69.6,7.6,1018.1,1026.8,8.8,12.51,7.52,8.2,4.0,8.0,28.7,6.322,0.206,5.7,6.9,430.0,6.155,2.643,2.4730000000000003,0.157,0.149,6.4,7.83
½ÂÃÌº¸,2021-12-06,9.3,7.0,10.6,28.2,0.0,8.3,3.3,15.1,0.0,0.6,4.3,77.8,8.3,1017.6,1026.3,8.9,12.14,5.96,10.4,4.9,7.1,42.5,5.166,0.191,5.3,7.0,413.0,4.905,1.826,2.495,0.08900000000000001,0.086,8.8,13.455
½ÂÃÌº¸,2021-12-13,10.4,7.1,10.6,38.2,0.0,1.0,-1.6,5.6,0.0,2.0,-8.3,50.9,3.3,1019.1,1028.1,9.1,12.83,6.01,10.7,5.5,8.9,58.3,6.3370000000000015,0.158,6.0,7.1,448.0,5.972,2.735,2.446,0.043,0.027,19.1,10.901
½ÂÃÌº¸,2021-12-20,7.4,7.2,12.1,41.1,0.0,6.1,0.7,12.8,0.0,1.1,1.6,74.8,6.9,1011.3,1020.0,7.1,9.46,6.0,12.0,5.8,7.8,36.6,7.282,0.125,6.1,7.2,457.0,6.96,3.172,3.023,0.034,0.018,8.6,12.991
½ÂÃÌº¸,2022-01-03,5.8,7.6,15.1,81.8,0.0,0.4,-4.5,6.8,0.0,0.8,-4.8,70.0,4.3,1017.9,1026.8,8.9,13.18,6.01,14.4,5.5,10.4,72.3,7.471,0.163,6.5,7.5,448.0,7.072,3.193,3.117,0.033,0.007,12.8,11.36
½ÂÃÌº¸,2022-01-10,6.5,7.1,15.9,87.0,0.0,2.8,-2.2,9.7,0.0,0.7,-2.5,71.3,5.1,1011.6,1020.4,7.6,11.41,6.01,15.1,6.1,10.1,97.2,8.196,0.26,8.4,7.1,467.0,7.232,3.763,2.79,0.043,0.005,10.1,11.053
½ÂÃÌº¸,2022-01-17,5.9,7.3,13.5,45.0,0.0,0.4,-3.0,4.6,0.0,1.8,-5.9,63.0,4.0,1018.9,1027.9,4.5,9.38,6.01,13.3,6.9,8.7,54.9,9.409,0.118,6.8,7.3,475.0,9.19,5.626,2.527,0.039,0.010,11.7,10.856
½ÂÃÌº¸,2022-01-24,7.6,7.2,13.7,77.9,0.0,6.0,0.6,10.9,0.0,0.8,-0.3,65.6,6.0,1012.0,1020.6,1.8,7.65,6.02,13.9,5.8,10.0,71.9,10.126,0.229,7.7,7.2,486.0,9.577,5.699,2.659,0.083,0.067,12.9,8.088
½ÂÃÌº¸,2022-02-03,6.9,7.2,14.5,81.4,0.0,0.5,-2.9,5.9,0.0,1.6,-10.2,45.9,2.9,1018.1,1027.0,9.7,15.92,5.97,14.4,6.5,10.6,71.1,10.986,0.226,8.1,7.3,480.0,10.25,6.032,2.253,0.08900000000000001,0.076,14.8,11.013
½ÂÃÌº¸,2022-02-07,6.4,7.6,15.5,95.0,0.0,-0.1,-2.9,2.3,0.0,1.7,-10.2,48.0,2.9,1019.4,1028.3,0.2,6.52,5.99,15.2,7.7,12.3,85.2,9.731,0.17800000000000002,7.9,7.5,482.0,8.8,5.831,2.527,0.058,0.037,15.5,9.578
½ÂÃÌº¸,2022-02-14,8.4,7.4,14.9,85.8,0.0,5.6,1.2,13.8,0.0,1.1,-2.6,59.4,5.1,1012.3,1021.0,8.5,14.13,5.98,14.9,7.8,11.5,82.1,9.575,0.132,7.6,7.3,470.0,9.424,5.816,2.301,0.024,0.013,15.0,9.603
½ÂÃÌº¸,2022-02-21,6.5,7.5,13.2,54.0,0.0,1.0,-4.5,7.6,0.0,1.1,-6.7,60.1,3.7,1020.8,1029.7,7.5,15.28,6.0,12.5,6.3,10.5,71.3,10.735,0.147,7.8,7.4,496.0,10.653,6.57,2.634,0.037000000000000005,0.000,13.3,8.918
½ÂÃÌº¸,2022-02-28,8.4,7.6,15.7,72.7,0.0,7.6,-0.7,16.5,0.0,1.5,-5.6,46.4,4.3,1012.8,1021.4,6.5,15.95,6.0,14.9,9.2,12.5,84.1,9.996,0.135,8.3,7.4,470.0,9.858,5.735,2.67,0.036000000000000004,0.012,18.4,6.835
½ÂÃÌº¸,2022-03-07,10.5,7.4,13.7,93.1,0.0,4.8,-0.9,13.2,0.0,1.2,-8.1,43.6,3.4,1012.1,1020.8,8.4,17.42,5.98,13.2,8.4,12.8,115.0,10.095,0.163,9.4,7.3,514.0,9.254,5.85,2.283,0.042,0.010,20.3,7.085
½ÂÃÌº¸,2022-03-14,15.1,6.7,5.6,23.7,0.0,11.9,6.4,15.9,1.0,1.6,11.4,97.5,13.8,1004.7,1013.1,0.0,4.5,5.98,5.5,7.7,10.8,15.4,12.947,0.252,7.5,6.7,517.0,12.366,9.229,1.885,0.16399999999999998,0.138,9.6,7.12
½ÂÃÌº¸,2022-03-21,11.3,6.7,5.2,3.6,0.0,7.4,1.4,13.3,0.0,1.2,-3.0,51.1,5.0,1014.1,1022.8,5.7,16.04,5.99,5.1,6.1,9.3,5.7,8.093,0.265,6.4,6.7,442.0,7.956,6.001,1.286,0.196,0.158,6.9,13.0
½ÂÃÌº¸,2022-03-28,12.6,6.9,9.7,25.0,0.0,9.4,3.2,16.4,0.0,1.4,-3.4,41.5,4.9,1017.0,1025.6,9.6,20.53,5.95,9.4,7.0,8.8,25.3,4.187,0.133,6.1,6.8,243.0,3.922,0.7440000000000001,2.434,0.065,0.064,18.6,28.887
